1.1,0.009562165311765264
1.1.1,0.009048271266950013
1.1.1.1,0.011402141663052564
1.1.1.1.1,0.014135221025514367
1.1.1.1.1.1,0.013903862796723843
1.1.1.1.1.2,0.003414124483242631
1.1.1.1.1.3,0.008400474674999714
1.1.1.1.1.4,0.012823965280715909
1.1.1.1.1.4.1,0.003322891774587333
1.1.1.1.1.4.2,0.008373926393687725
1.1.1.1.1.4.3,0.018093686254525728
1.1.1.1.2,0.006506084309269984
1.1.1.1.2.1,0.007735819090157747
1.1.1.1.2.2,0.006974612828344107
1.1.1.1.2.3,0.010574378073215485
1.1.1.1.2.4,0.006886023562401533
1.1.1.1.2.4.1,0.006294417195022106
1.1.1.1.2.4.2,0.013020630925893784
1.1.1.1.2.4.3,0.011691119521856308
1.1.1.1.3,0.011570929449849896
1.1.1.1.3.1,0.008287095092236995
1.1.1.1.3.2,0.013749365461990237
1.1.1.1.3.3,0.010567941702902317
1.1.1.1.3.4,0.012681893073022366
1.1.1.1.3.4.1,0.019831355661153793
1.1.1.1.3.4.2,0.014575570821762085
1.1.1.1.3.4.3,0.008755037561058998
1.1.1.1.4,0.009300567288883031
1.1.1.1.4.1,0.011463227138544122
1.1.1.1.4.2,0.0072755600059671065
1.1.1.1.4.3,0.021308861140693938
1.1.1.1.4.4,0.00594243620123182
1.1.1.1.4.4.1,0.008603610996423023
1.1.1.1.4.4.2,0.011602053418755531
1.1.1.1.4.4.3,0.004585177100335176
1.1.1.2,0.008097835611166245
1.1.1.2.1,0.0049456685600388385
1.1.1.2.1.1,0.009263726882636547
1.1.1.2.1.2,0.0032975334817400346
1.1.1.2.1.3,0.007637227885425091
1.1.1.2.1.4,0.005598826542202579
1.1.1.2.1.4.1,0.010469630671044191
1.1.1.2.1.4.2,0.004585185553878546
1.1.1.2.1.4.3,0.007765272166579962
1.1.1.2.2,0.007604021143735103
1.1.1.2.2.1,0.005228355885125124
1.1.1.2.2.2,0.011730670657319328
1.1.1.2.2.3,0.008343200432136655
1.1.1.2.2.4,0.006794066938499992
1.1.1.2.2.4.1,0.010050947777926922
1.1.1.2.2.4.2,0.008838375099003315
1.1.1.2.2.4.3,0.0068560044358794885
1.1.1.2.3,0.007663553167481487
1.1.1.2.3.1,0.007777850050479174
1.1.1.2.3.2,0.018710073216685226
1.1.1.2.3.3,0.004089921169603865
1.1.1.2.3.4,0.007851176396943629
1.1.1.2.3.4.1,0.020199376856908202
1.1.1.2.3.4.2,0.008396794243405262
1.1.1.2.3.4.3,0.003081818845552894
1.1.1.2.4,0.012353315444402945
1.1.1.2.4.1,0.03463475911745003
1.1.1.2.4.2,0.017240948975086212
1.1.1.2.4.3,0.0156928151845932
1.1.1.2.4.4,0.0068352404050529
1.1.1.2.4.4.1,0.004427320362689595
1.1.1.2.4.4.2,0.0031612787861377
1.1.1.2.4.4.3,0.006437098529810707
1.1.1.3,0.008345858413945063
1.1.1.3.1,0.010658331909715863
1.1.1.3.1.1,0.004026554059237242
1.1.1.3.1.2,0.015336329117417336
1.1.1.3.1.3,0.00688799237832427
1.1.1.3.1.4,0.01051957017625682
1.1.1.3.1.4.1,0.004160985816270113
1.1.1.3.1.4.2,0.010043195554485115
1.1.1.3.1.4.3,0.00797250960022211
1.1.1.3.2,0.008335336818601246
1.1.1.3.2.1,0.004556263528334407
1.1.1.3.2.2,0.012541054747998714
1.1.1.3.2.3,0.008935023099184036
1.1.1.3.2.4,0.012584636712239848
1.1.1.3.2.4.1,0.013903820887207985
1.1.1.3.2.4.2,0.020690477453172207
1.1.1.3.2.4.3,0.010922436214362582
1.1.1.3.3,0.006054743916090382
1.1.1.3.3.1,0.0038574967184104025
1.1.1.3.3.2,0.010106408037245274
1.1.1.3.3.3,0.01115676132030785
1.1.1.3.3.4,0.006464663991937414
1.1.1.3.3.4.1,0.004860885369663055
1.1.1.3.3.4.2,0.0077776676043868065
1.1.1.3.3.4.3,0.009119186162327727
1.1.1.3.4,0.00925212302395413
1.1.1.3.4.1,0.005410349927842617
1.1.1.3.4.2,0.02105773612856865
1.1.1.3.4.3,0.004997591488063335
1.1.1.3.4.4,0.009482207001540167
1.1.1.3.4.4.1,0.009558790786699816
1.1.1.3.4.4.2,0.004551467951387167
1.1.1.3.4.4.3,0.011219921335577965
1.1.1.4,0.010079861248717256
1.1.1.4.1,0.01599771818683411
1.1.1.4.1.1,0.007062509190291166
1.1.1.4.1.2,0.05624902993440628
1.1.1.4.1.3,0.006638082209974527
1.1.1.4.1.4,0.006329545393013037
1.1.1.4.1.4.1,0.014370021410286427
1.1.1.4.1.4.2,0.006116005786073704
1.1.1.4.1.4.3,0.0057464479468762875
1.1.1.4.2,0.007812781347688492
1.1.1.4.2.1,0.019067426957190037
1.1.1.4.2.2,0.005146707999161803
1.1.1.4.2.3,0.014012049728383621
1.1.1.4.2.4,0.006973087505409212
1.1.1.4.2.4.1,0.002955283969640732
1.1.1.4.2.4.2,0.00979690719395876
1.1.1.4.2.4.3,0.0068306573774092475
1.1.1.4.3,0.015649272305569773
1.1.1.4.3.1,0.012849895283579826
1.1.1.4.3.2,0.016669873214725937
1.1.1.4.3.3,0.007537147030234337
1.1.1.4.3.4,0.01347419312223792
1.1.1.4.3.4.1,0.017540700423220795
1.1.1.4.3.4.2,0.020710693672299385
1.1.1.4.3.4.3,0.009221900075387496
1.1.1.4.4,0.008553134586098929
1.1.1.4.4.1,0.009249968958708147
1.1.1.4.4.1.1,0.010062351784047982
1.1.1.4.4.1.2,0.010263212025165558
1.1.1.4.4.2,0.011932318564504385
1.1.1.4.4.2.1,0.008349202573299408
1.1.1.4.4.2.2,0.017048440873622894
1.1.1.4.4.3,0.014964186295401305
1.1.1.4.4.3.1,0.010328441858291626
1.1.1.4.4.3.2,0.012929934609149183
1.1.1.4.4.4,0.006766342301853001
1.1.1.4.4.4.1,0.010795269006242355
1.1.1.4.4.4.2,0.005769792944192886
1.1.1.4.4.4.3,0.005355728790163994
1.1.2,0.009866199081022764
1.1.2.1,0.012656629102350743
1.1.2.1.1,0.006784340316105796
1.1.2.1.1.1,0.016552071752292768
1.1.2.1.1.2,0.010607175529003143
1.1.2.1.1.3,0.003348294233616728
1.1.2.1.1.4,0.004859359469264746
1.1.2.1.1.4.1,0.0031768304761499166
1.1.2.1.1.4.2,0.005750435404479504
1.1.2.1.1.4.3,0.008280009031295776
1.1.2.1.2,0.011854452981303136
1.1.2.1.2.1,0.004150477237999439
1.1.2.1.2.2,0.009169381267080704
1.1.2.1.2.3,0.008827912621200085
1.1.2.1.2.4,0.016762036298002516
1.1.2.1.2.4.1,0.004577444400638342
1.1.2.1.2.4.2,0.014364603906869888
1.1.2.1.2.4.3,0.01517578773200512
1.1.2.1.3,0.011977773316455288
1.1.2.1.3.1,0.012366904558515862
1.1.2.1.3.2,0.006602712262135286
1.1.2.1.3.3,0.01709267683327198
1.1.2.1.3.4,0.016377537860535085
1.1.2.1.3.4.1,0.013311022892594337
1.1.2.1.3.4.2,0.014759592711925507
1.1.2.1.3.4.3,0.017439264804124832
1.1.2.1.4,0.01725771144146518
1.1.2.1.4.1,0.0061920718827213235
1.1.2.1.4.2,0.040294899915655456
1.1.2.1.4.3,0.011426766868680716
1.1.2.1.4.4,0.013982725649839267
1.1.2.1.4.4.1,0.012002084124833345
1.1.2.1.4.4.2,0.01712958118878305
1.1.2.1.4.4.3,0.010293243266642094
1.1.2.2,0.008498226884694305
1.1.2.2.1,0.009257482370188417
1.1.2.2.1.1,0.008097002282738686
1.1.2.2.1.2,0.01455019204877317
1.1.2.2.1.3,0.008586923924407788
1.1.2.2.1.4,0.007399202423618623
1.1.2.2.1.4.1,0.013889740354248456
1.1.2.2.1.4.2,0.004691122972872108
1.1.2.2.1.4.3,0.009818618030597767
1.1.2.2.2,0.008454192274560532
1.1.2.2.2.1,0.010790067059653146
1.1.2.2.2.2,0.02005792542227677
1.1.2.2.2.3,0.014664237387478352
1.1.2.2.2.4,0.006350465799914673
1.1.2.2.2.4.1,0.005920175973397608
1.1.2.2.2.4.2,0.007929432205855846
1.1.2.2.2.4.3,0.008861529330412546
1.1.2.2.3,0.008967262150254101
1.1.2.2.3.1,0.015740634075232914
1.1.2.2.3.2,0.011608845088630915
1.1.2.2.3.3,0.02974380925297737
1.1.2.2.3.4,0.005182048101138709
1.1.2.2.3.4.1,0.004284601023590023
1.1.2.2.3.4.2,0.008644069451838732
1.1.2.2.3.4.3,0.006267838370562954
1.1.2.2.4,0.00678315750081782
1.1.2.2.4.1,0.006770291831344366
1.1.2.2.4.2,0.007968534249812365
1.1.2.2.4.3,0.02066393755376339
1.1.2.2.4.4,0.006448838411597535
1.1.2.2.4.4.1,0.012534935803463062
1.1.2.2.4.4.2,0.01292817760258913
1.1.2.2.4.4.3,0.003132565546995745
1.1.2.3,0.008324579760277022
1.1.2.3.1,0.0081569141915275
1.1.2.3.1.1,0.006588720949366689
1.1.2.3.1.2,0.009543060402696332
1.1.2.3.1.3,0.007633453467860818
1.1.2.3.1.4,0.009227284879766796
1.1.2.3.1.4.1,0.00841955728828907
1.1.2.3.1.4.2,0.00980257588837828
1.1.2.3.1.4.3,0.005320689640939236
1.1.2.3.2,0.007408439866541063
1.1.2.3.2.1,0.009694842621684074
1.1.2.3.2.2,0.004273426253348589
1.1.2.3.2.3,0.01388048380613327
1.1.2.3.2.4,0.006884044363127591
1.1.2.3.2.4.1,0.008511817742449542
1.1.2.3.2.4.2,0.005190569441765547
1.1.2.3.2.4.3,0.006470608136927088
1.1.2.3.3,0.009442200135838772
1.1.2.3.3.1,0.009038249030709267
1.1.2.3.3.2,0.008219088427722454
1.1.2.3.3.3,0.009383040879453932
1.1.2.3.3.4,0.011522366794654064
1.1.2.3.3.4.1,0.009487330447882414
1.1.2.3.3.4.2,0.007004822985353795
1.1.2.3.3.4.3,0.01705918594130448
1.1.2.3.4,0.008729937575047924
1.1.2.3.4.1,0.010860550217330456
1.1.2.3.4.2,0.014154234901070595
1.1.2.3.4.3,0.007746225129812956
1.1.2.3.4.4,0.010382159398152279
1.1.2.3.4.4.1,0.009268208174034953
1.1.2.3.4.4.2,0.01155106684503456
1.1.2.3.4.4.3,0.008260578848421574
1.1.2.4,0.009436179307685854
1.1.2.4.1,0.007667472484805014
1.1.2.4.1.1,0.016538063064217567
1.1.2.4.1.2,0.008093870244920254
1.1.2.4.1.3,0.016036462038755417
1.1.2.4.1.4,0.008182814871404497
1.1.2.4.1.4.1,0.01369009433048112
1.1.2.4.1.4.2,0.005011116154491901
1.1.2.4.1.4.3,0.005739158485084772
1.1.2.4.2,0.009923610225733783
1.1.2.4.2.1,0.018736304183091437
1.1.2.4.2.2,0.006396212615072727
1.1.2.4.2.3,0.013320595558200563
1.1.2.4.2.4,0.00899642713173382
1.1.2.4.2.4.1,0.010732199065387249
1.1.2.4.2.4.2,0.008366854236969217
1.1.2.4.2.4.3,0.010815971142922839
1.1.2.4.3,0.008821283859579997
1.1.2.4.3.1,0.00810456261552322
1.1.2.4.3.2,0.035730291665955025
1.1.2.4.3.3,0.013706663064658642
1.1.2.4.3.4,0.009108308487786697
1.1.2.4.3.4.1,0.01232889574021101
1.1.2.4.3.4.2,0.005499763660526906
1.1.2.4.3.4.3,0.0029843824449926615
1.1.2.4.4,0.00937616095567743
1.1.2.4.4.1,0.010235258710703679
1.1.2.4.4.1.1,0.011425337366138896
1.1.2.4.4.1.2,0.012889385223388672
1.1.2.4.4.2,0.012179624677325288
1.1.2.4.4.2.1,0.026103898137807845
1.1.2.4.4.2.2,0.00966880850207347
1.1.2.4.4.3,0.006317162588756118
1.1.2.4.4.3.1,0.004818909586622165
1.1.2.4.4.3.2,0.00810198551043868
1.1.2.4.4.4,0.01108225452928589
1.1.2.4.4.4.1,0.011309708934277296
1.1.2.4.4.4.2,0.010682977347945174
1.1.2.4.4.4.3,0.01379682868719101
1.1.3,0.00968012957450835
1.1.3.1,0.006324735186227619
1.1.3.1.1,0.0049304659859361975
1.1.3.1.1.1,0.005655989785177203
1.1.3.1.1.2,0.007713628311951955
1.1.3.1.1.3,0.004014878378560145
1.1.3.1.1.4,0.006892439123475924
1.1.3.1.1.4.1,0.005994459575352569
1.1.3.1.1.4.2,0.021693643182516098
1.1.3.1.1.4.3,0.011852155439555645
1.1.3.1.2,0.004883390918795233
1.1.3.1.2.1,0.010225003771483897
1.1.3.1.2.2,0.004306144376571935
1.1.3.1.2.3,0.01015181327238679
1.1.3.1.2.4,0.008487187217300136
1.1.3.1.2.4.1,0.0069065619027242064
1.1.3.1.2.4.2,0.007387102980698858
1.1.3.1.2.4.3,0.00604469096288085
1.1.3.1.3,0.008096946198392012
1.1.3.1.3.1,0.009845256494979063
1.1.3.1.3.2,0.007078786380589008
1.1.3.1.3.3,0.006471613945905119
1.1.3.1.3.4,0.009372329232282936
1.1.3.1.3.4.1,0.004651077091693878
1.1.3.1.3.4.2,0.012100664316676557
1.1.3.1.3.4.3,0.010227615716027432
1.1.3.1.4,0.011340063173187578
1.1.3.1.4.1,0.01273284014314413
1.1.3.1.4.2,0.006814643895874421
1.1.3.1.4.3,0.017560164265048046
1.1.3.1.4.4,0.008976757592920746
1.1.3.1.4.4.1,0.009841108694672585
1.1.3.1.4.4.2,0.005907244049012661
1.1.3.1.4.4.3,0.008467140219484767
1.1.3.2,0.012768144581296954
1.1.3.2.1,0.006510772100858846
1.1.3.2.1.1,0.00870522331180317
1.1.3.2.1.2,0.004839622337991993
1.1.3.2.1.3,0.005357381538487971
1.1.3.2.1.4,0.011062330202548765
1.1.3.2.1.4.1,0.003170967334881425
1.1.3.2.1.4.2,0.006471167939404647
1.1.3.2.1.4.3,0.011139148676937277
1.1.3.2.2,0.011207526340149343
1.1.3.2.2.1,0.00788096059113741
1.1.3.2.2.2,0.008348371251486242
1.1.3.2.2.3,0.007435793522745371
1.1.3.2.2.4,0.01292599820797997
1.1.3.2.2.4.1,0.011132249176236135
1.1.3.2.2.4.2,0.012794167548418046
1.1.3.2.2.4.3,0.010356578975915909
1.1.3.2.3,0.014137448758572714
1.1.3.2.3.1,0.015619666315615177
1.1.3.2.3.2,0.03683597158640623
1.1.3.2.3.3,0.00959690633074691
1.1.3.2.3.4,0.005810502584937553
1.1.3.2.3.4.1,0.008866856805980206
1.1.3.2.3.4.2,0.006479964123928319
1.1.3.2.3.4.3,0.004158866126090288
1.1.3.2.4,0.006778195442166179
1.1.3.2.4.1,0.007687123958021402
1.1.3.2.4.2,0.006807852536439896
1.1.3.2.4.3,0.0035578410606831312
1.1.3.2.4.4,0.0077360471029980825
1.1.3.2.4.4.1,0.007215294094445805
1.1.3.2.4.4.2,0.006438486336264759
1.1.3.2.4.4.3,0.007874233648180962
1.1.3.3,0.008668580997513652
1.1.3.3.1,0.010811345663685828
1.1.3.3.1.1,0.013404114016642174
1.1.3.3.1.2,0.00672756079196309
1.1.3.3.1.3,0.01459314301609993
1.1.3.3.1.4,0.009781660915662845
1.1.3.3.1.4.1,0.007504315814003348
1.1.3.3.1.4.2,0.014247032813727856
1.1.3.3.1.4.3,0.009760885898556029
1.1.3.3.2,0.012531512067653239
1.1.3.3.2.1,0.009092431981116533
1.1.3.3.2.2,0.009254989214241505
1.1.3.3.2.3,0.005156078841537237
1.1.3.3.2.4,0.016630627143268403
1.1.3.3.2.4.1,0.019634873140603304
1.1.3.3.2.4.2,0.014307112122575441
1.1.3.3.2.4.3,0.010417292825877666
1.1.3.3.3,0.007878260892578103
1.1.3.3.3.1,0.00955799182078668
1.1.3.3.3.2,0.0068449899554252625
1.1.3.3.3.3,0.01135878472511346
1.1.3.3.3.4,0.005807734434851087
1.1.3.3.3.4.1,0.006939367080728213
1.1.3.3.3.4.2,0.005689326673746109
1.1.3.3.3.4.3,0.006054008657184358
1.1.3.3.4,0.007010038275176943
1.1.3.3.4.1,0.005067151039838791
1.1.3.3.4.2,0.012874961085617542
1.1.3.3.4.3,0.0029100011944627534
1.1.3.3.4.4,0.009136883619551858
1.1.3.3.4.4.1,0.006829884834587574
1.1.3.3.4.4.2,0.012241086484864354
1.1.3.3.4.4.3,0.003236920474312053
1.1.3.4,0.010678568024690352
1.1.3.4.1,0.0042578940252389974
1.1.3.4.1.1,0.0034035853862475892
1.1.3.4.1.2,0.015361590310931206
1.1.3.4.1.3,0.004122517614935835
1.1.3.4.1.4,0.008371194882784039
1.1.3.4.1.4.1,0.0034708199091255665
1.1.3.4.1.4.2,0.009641349980873721
1.1.3.4.1.4.3,0.007108504883944988
1.1.3.4.2,0.011922788526862859
1.1.3.4.2.1,0.008338375327487787
1.1.3.4.2.2,0.016380900517106056
1.1.3.4.2.3,0.009512645192444324
1.1.3.4.2.4,0.016090927911656245
1.1.3.4.2.4.1,0.010926046408712864
1.1.3.4.2.4.2,0.00499616377055645
1.1.3.4.2.4.3,0.01623403187841177
1.1.3.4.3,0.007392426671382661
1.1.3.4.3.1,0.010387890506535769
1.1.3.4.3.2,0.014907868579030037
1.1.3.4.3.3,0.012437129127127784
1.1.3.4.3.4,0.005165621011446302
1.1.3.4.3.4.1,0.020015960559248924
1.1.3.4.3.4.2,0.006015555118210614
1.1.3.4.3.4.3,0.003447658382356167
1.1.3.4.4,0.012040178121698568
1.1.3.4.4.1,0.004519971696516642
1.1.3.4.4.1.1,0.006220486015081406
1.1.3.4.4.1.2,0.004337009651443133
1.1.3.4.4.2,0.012841938715428113
1.1.3.4.4.2.1,0.012681710650213063
1.1.3.4.4.2.2,0.004778824280947447
1.1.3.4.4.3,0.009324221365044223
1.1.3.4.4.3.1,0.008593401681123809
1.1.3.4.4.3.2,0.0090446708103021
1.1.3.4.4.4,0.012184144541592772
1.1.3.4.4.4.1,0.008124264888465405
1.1.3.4.4.4.2,0.012850492337316085
1.1.3.4.4.4.3,0.008411973462595293
1.1.4,0.008253172839612655
1.1.4.1,0.008119672748280744
1.1.4.1.1,0.008051353083415464
1.1.4.1.1.1,0.009268412948586047
1.1.4.1.1.2,0.01076535414904356
1.1.4.1.1.3,0.0149460737593472
1.1.4.1.1.4,0.005917031479139741
1.1.4.1.1.4.1,0.01682388409972191
1.1.4.1.1.4.2,0.01341788936406374
1.1.4.1.1.4.3,0.005316125607350841
1.1.4.1.2,0.010589401071359004
1.1.4.1.2.1,0.012492874450981618
1.1.4.1.2.2,0.006487322971224785
1.1.4.1.2.3,0.012473264709115028
1.1.4.1.2.4,0.008099380880594254
1.1.4.1.2.4.1,0.0071588181890547276
1.1.4.1.2.4.2,0.009934574365615845
1.1.4.1.2.4.3,0.015414773486554623
1.1.4.1.3,0.007114521794121813
1.1.4.1.3.1,0.010383558459579945
1.1.4.1.3.2,0.004810649901628494
1.1.4.1.3.3,0.008754918677732348
1.1.4.1.3.4,0.006245956569910049
1.1.4.1.3.4.1,0.01290463392312328
1.1.4.1.3.4.2,0.007170279199878375
1.1.4.1.3.4.3,0.013199320994317532
1.1.4.1.4,0.008499890136733359
1.1.4.1.4.1,0.006053892779164016
1.1.4.1.4.2,0.01632099656853825
1.1.4.1.4.3,0.004625213487694661
1.1.4.1.4.4,0.009410388734457749
1.1.4.1.4.4.1,0.008262168083872114
1.1.4.1.4.4.2,0.018223043531179428
1.1.4.1.4.4.3,0.012301517572874824
1.1.4.1.4.4.4,0.010977867990732193
1.1.4.2,0.007003501327147418
1.1.4.2.1,0.006140269140180733
1.1.4.2.1.1,0.012000477407127619
1.1.4.2.1.2,0.015565835094700256
1.1.4.2.1.3,0.008068518670783802
1.1.4.2.1.4,0.00583735348915817
1.1.4.2.1.4.1,0.00564717059501163
1.1.4.2.1.4.2,0.00672044188038192
1.1.4.2.1.4.3,0.009420137767764654
1.1.4.2.2,0.008975630826955917
1.1.4.2.2.1,0.014816564973443747
1.1.4.2.2.2,0.004355100565589964
1.1.4.2.2.3,0.014180373400449753
1.1.4.2.2.4,0.009975723810493947
1.1.4.2.2.4.1,0.008786709047853947
1.1.4.2.2.4.2,0.01303706890238183
1.1.4.2.2.4.3,0.008735327727415344
1.1.4.2.3,0.008376525630327787
1.1.4.2.3.1,0.005120064185645718
1.1.4.2.3.2,0.012538233461479345
1.1.4.2.3.3,0.012061716988682747
1.1.4.2.3.4,0.01004074073324983
1.1.4.2.3.4.1,0.007923717144876719
1.1.4.2.3.4.2,0.015394099801778794
1.1.4.2.3.4.3,0.00293196109123528
1.1.4.2.4,0.0077826636732511575
1.1.4.2.4.1,0.012071976670995355
1.1.4.2.4.2,0.011415249668061733
1.1.4.2.4.3,0.0048007237977193045
1.1.4.2.4.4,0.0087203488801606
1.1.4.2.4.4.1,0.009447304864547082
1.1.4.2.4.4.2,0.006720109643148524
1.1.4.2.4.4.3,0.0033189149107784033
1.1.4.2.4.4.4,0.004754601512104273
1.1.4.3,0.009652947927940131
1.1.4.3.1,0.014084006090544991
1.1.4.3.1.1,0.009725040756165981
1.1.4.3.1.2,0.0071246624769022064
1.1.4.3.1.3,0.02587034659726279
1.1.4.3.1.4,0.011754583256940046
1.1.4.3.1.4.1,0.00804689060896635
1.1.4.3.1.4.2,0.012063467595726251
1.1.4.3.1.4.3,0.008556146174669266
1.1.4.3.2,0.009200058851776452
1.1.4.3.2.1,0.00614087477636834
1.1.4.3.2.2,0.010754139102483932
1.1.4.3.2.3,0.01768016442656517
1.1.4.3.2.4,0.011593194562010467
1.1.4.3.2.4.1,0.00878165289759636
1.1.4.3.2.4.2,0.011564700797732388
1.1.4.3.2.4.3,0.004686311352998018
1.1.4.3.3,0.009745326985059113
1.1.4.3.3.1,0.008547390500704447
1.1.4.3.3.2,0.014220227176944414
1.1.4.3.3.3,0.004871318582445383
1.1.4.3.3.4,0.011421785282436758
1.1.4.3.3.4.1,0.00982338416257075
1.1.4.3.3.4.2,0.013812971168330737
1.1.4.3.3.4.3,0.015008823946118355
1.1.4.3.4,0.0063107550668064505
1.1.4.3.4.1,0.005702885779707382
1.1.4.3.4.2,0.009056086651980877
1.1.4.3.4.3,0.005774362478405237
1.1.4.3.4.4,0.007128553294863265
1.1.4.3.4.4.1,0.003978730645030737
1.1.4.3.4.4.2,0.008569547169220945
1.1.4.3.4.4.3,0.011223620735108852
1.1.4.3.4.4.4,0.008187269365104536
1.1.4.4,0.008017372054923358
1.1.4.4.1,0.009732507042852896
1.1.4.4.1.1,0.008977633900940418
1.1.4.4.1.2,0.004560106111547122
1.1.4.4.1.3,0.01407900620251894
1.1.4.4.1.4,0.01269773457897827
1.1.4.4.1.4.1,0.01069529979888882
1.1.4.4.1.4.2,0.013129639239715678
1.1.4.4.1.4.3,0.006262879818677902
1.1.4.4.2,0.004786125757275339
1.1.4.4.2.1,0.009423332444081703
1.1.4.4.2.2,0.006084260656140172
1.1.4.4.2.3,0.004515473999512883
1.1.4.4.2.4,0.004869328020140529
1.1.4.4.2.4.1,0.0032599475234746933
1.1.4.4.2.4.2,0.007159428981443246
1.1.4.4.2.4.3,0.006472210496819268
1.1.4.4.3,0.006944970412626611
1.1.4.4.3.1,0.01906863852803196
1.1.4.4.3.2,0.005639829207211733
1.1.4.4.3.3,0.0063135274685919285
1.1.4.4.3.4,0.006078465342967228
1.1.4.4.3.4.1,0.00513839652319261
1.1.4.4.3.4.2,0.006262463051825762
1.1.4.4.3.4.3,0.022711035263325487
1.1.4.4.4,0.011860369878362805
1.1.4.4.4.1,0.0093556262122897
1.1.4.4.4.1.1,0.019891662523150444
1.1.4.4.4.1.2,0.004283447257386377
1.1.4.4.4.2,0.018316340912133456
1.1.4.4.4.2.1,0.022956573803509985
1.1.4.4.4.2.2,0.014163321748908077
1.1.4.4.4.3,0.028694669948890805
1.1.4.4.4.3.1,0.03054780140519142
1.1.4.4.4.3.2,0.007479722611606121
1.1.4.4.4.4,0.005050834910944105
1.1.4.4.4.4.1,0.005790106593989409
1.1.4.4.4.4.2,0.005342464156759282
1.2,0.00907060029551995
1.2.1,0.007970767504792869
1.2.1.1,0.006397394803848901
1.2.1.1.1,0.012648047574867424
1.2.1.1.1.1,0.019747169843564432
1.2.1.1.1.2,0.02043296101813515
1.2.1.1.1.3,0.004586394141929654
1.2.1.1.1.4,0.011017666186058992
1.2.1.1.1.4.1,0.015964757457065087
1.2.1.1.1.4.2,0.011251489631831646
1.2.1.1.1.4.3,0.006133362553858508
1.2.1.1.2,0.006701340320376822
1.2.1.1.2.1,0.013280557002872229
1.2.1.1.2.2,0.006352656753733754
1.2.1.1.2.3,0.00647832948463754
1.2.1.1.2.4,0.006320012187083753
1.2.1.1.2.4.1,0.0042283472945340555
1.2.1.1.2.4.2,0.006259393955891331
1.2.1.1.2.4.3,0.009243301581591368
1.2.1.1.3,0.0047127240391978235
1.2.1.1.3.1,0.004300691831158474
1.2.1.1.3.2,0.007197836467709679
1.2.1.1.3.3,0.014064739691093564
1.2.1.1.3.4,0.005692151753464714
1.2.1.1.3.4.1,0.007170276250690222
1.2.1.1.3.4.2,0.0036105715598051366
1.2.1.1.3.4.3,0.012529917061328888
1.2.1.1.4,0.005228485108206147
1.2.1.1.4.1,0.009156194942382475
1.2.1.1.4.2,0.005954565390801201
1.2.1.1.4.3,0.009233069606125355
1.2.1.1.4.4,0.005377786665938903
1.2.1.1.4.4.1,0.005998524837195873
1.2.1.1.4.4.2,0.004650257993489504
1.2.1.1.4.4.3,0.00492268196070817
1.2.1.2,0.0077157437224516625
1.2.1.2.1,0.006833877969863049
1.2.1.2.1.1,0.005084123874369722
1.2.1.2.1.2,0.010061028723915419
1.2.1.2.1.3,0.014221704564988613
1.2.1.2.1.4,0.007513690077198239
1.2.1.2.1.4.1,0.014814242720603943
1.2.1.2.1.4.2,0.010005928226746619
1.2.1.2.1.4.3,0.004984043771401048
1.2.1.2.2,0.007406135026196187
1.2.1.2.2.1,0.01426172349601984
1.2.1.2.2.2,0.004556275456427381
1.2.1.2.2.3,0.008009946905076504
1.2.1.2.2.4,0.009145159380171786
1.2.1.2.2.4.1,0.0030819087719114926
1.2.1.2.2.4.2,0.012841491959989071
1.2.1.2.2.4.3,0.022113468032330275
1.2.1.2.3,0.009016691336000804
1.2.1.2.3.1,0.011079719290137291
1.2.1.2.3.2,0.0175859129854611
1.2.1.2.3.3,0.012031122809275985
1.2.1.2.3.4,0.007577862099020017
1.2.1.2.3.4.1,0.014102081768214703
1.2.1.2.3.4.2,0.004112979200167151
1.2.1.2.3.4.3,0.01030630455352366
1.2.1.2.4,0.0073135201731380425
1.2.1.2.4.1,0.013437019661068916
1.2.1.2.4.2,0.0075840940698981285
1.2.1.2.4.3,0.005260910373181105
1.2.1.2.4.4,0.00831883521528826
1.2.1.2.4.4.1,0.00814890775031277
1.2.1.2.4.4.2,0.010066322050988674
1.2.1.2.4.4.3,0.008867067018789905
1.2.1.3,0.008869124950099193
1.2.1.3.1,0.008075700607150793
1.2.1.3.1.1,0.005414330827382703
1.2.1.3.1.2,0.004657655488699675
1.2.1.3.1.3,0.021785438060760498
1.2.1.3.1.4,0.013226159072170654
1.2.1.3.1.4.1,0.03561866283416748
1.2.1.3.1.4.2,0.017052503302693367
1.2.1.3.1.4.3,0.009650548066323003
1.2.1.3.2,0.005885952153389722
1.2.1.3.2.1,0.00856270082294941
1.2.1.3.2.2,0.007594215412003298
1.2.1.3.2.3,0.006537621757866981
1.2.1.3.2.4,0.004988432681005049
1.2.1.3.2.4.1,0.005436737517205377
1.2.1.3.2.4.2,0.006908616937625294
1.2.1.3.2.4.3,0.01168292062357068
1.2.1.3.3,0.0061844860269364135
1.2.1.3.3.1,0.005204944470897317
1.2.1.3.3.2,0.006543416529893875
1.2.1.3.3.3,0.013554522845273217
1.2.1.3.3.4,0.005022532838795867
1.2.1.3.3.4.1,0.01642761379480362
1.2.1.3.3.4.2,0.006466018559876829
1.2.1.3.3.4.3,0.009266589768230915
1.2.1.3.4,0.013509002797080893
1.2.1.3.4.1,0.005481007373115669
1.2.1.3.4.2,0.0063980622217059135
1.2.1.3.4.3,0.007000651055326064
1.2.1.3.4.4,0.015320205940365521
1.2.1.3.4.4.1,0.01183671069641908
1.2.1.3.4.4.2,0.011999080489788736
1.2.1.3.4.4.3,0.01467104058994681
1.2.1.4,0.007556863459355485
1.2.1.4.1,0.007561305796050213
1.2.1.4.1.1,0.009238413284317805
1.2.1.4.1.2,0.009835658129304647
1.2.1.4.1.3,0.011894773924723268
1.2.1.4.1.4,0.005778164101334719
1.2.1.4.1.4.1,0.010666880881986938
1.2.1.4.1.4.2,0.021172678098082542
1.2.1.4.1.4.3,0.00586230311399469
1.2.1.4.2,0.004709446023258826
1.2.1.4.2.1,0.003933110632575476
1.2.1.4.2.2,0.0031607567057521505
1.2.1.4.2.3,0.004768380837049335
1.2.1.4.2.4,0.008898762695025653
1.2.1.4.2.4.1,0.009015558087932212
1.2.1.4.2.4.2,0.013076012954115868
1.2.1.4.2.4.3,0.0048536621034145355
1.2.1.4.3,0.00746670782211281
1.2.1.4.3.1,0.0057592389639467
1.2.1.4.3.2,0.006507006473839283
1.2.1.4.3.3,0.021774891763925552
1.2.1.4.3.4,0.013199805282056332
1.2.1.4.3.4.1,0.01220411853864789
1.2.1.4.3.4.2,0.005216389894485474
1.2.1.4.3.4.3,0.016272949054837227
1.2.1.4.4,0.00837031522089438
1.2.1.4.4.1,0.008362900882371162
1.2.1.4.4.1.1,0.009080958194457568
1.2.1.4.4.1.2,0.010178776535515984
1.2.1.4.4.2,0.007717634030782124
1.2.1.4.4.2.1,0.006401891373873998
1.2.1.4.4.2.2,0.012744152545928955
1.2.1.4.4.3,0.0048748904015295785
1.2.1.4.4.3.1,0.012968339957296848
1.2.1.4.4.3.2,0.00472934472120621
1.2.1.4.4.4,0.00954750712579963
1.2.1.4.4.4.1,0.018181823814908665
1.2.1.4.4.4.2,0.004599523273869776
1.2.1.4.4.4.3,0.01329302807737674
1.2.2,0.010128123616664259
1.2.2.1,0.006662364518379895
1.2.2.1.1,0.007888765432513677
1.2.2.1.1.1,0.007526512257754803
1.2.2.1.1.2,0.009435431100428104
1.2.2.1.1.3,0.007390346688528855
1.2.2.1.1.4,0.008813716548805436
1.2.2.1.1.4.1,0.008848493453115225
1.2.2.1.1.4.2,0.009856484830379486
1.2.2.1.1.4.3,0.009913799352943897
1.2.2.1.2,0.006893526619757738
1.2.2.1.2.1,0.009315391342776516
1.2.2.1.2.2,0.010610080137848855
1.2.2.1.2.3,0.014165503904223442
1.2.2.1.2.4,0.005183258980152107
1.2.2.1.2.4.1,0.00529314114828594
1.2.2.1.2.4.2,0.011939700692892075
1.2.2.1.2.4.3,0.004755245056003332
1.2.2.1.3,0.005978398751245723
1.2.2.1.3.1,0.004193302243947983
1.2.2.1.3.2,0.00974428141489625
1.2.2.1.3.3,0.012698100879788399
1.2.2.1.3.4,0.006603952380828559
1.2.2.1.3.4.1,0.005332674831151962
1.2.2.1.3.4.2,0.004147777477136025
1.2.2.1.3.4.3,0.002929086098447442
1.2.2.1.4,0.006875597662977217
1.2.2.1.4.1,0.008631445467472076
1.2.2.1.4.2,0.007101833529304713
1.2.2.1.4.3,0.013993281871080399
1.2.2.1.4.4,0.007292038190644235
1.2.2.1.4.4.1,0.01799655705690384
1.2.2.1.4.4.2,0.005041730551359554
1.2.2.1.4.4.3,0.008192150986620359
1.2.2.2,0.008320913957492784
1.2.2.2.1,0.008861336333211511
1.2.2.2.1.1,0.00877091936611881
1.2.2.2.1.2,0.012047961886440004
1.2.2.2.1.3,0.015137465950101615
1.2.2.2.1.4,0.006740662838435835
1.2.2.2.1.4.1,0.006306725070596888
1.2.2.2.1.4.2,0.006615144218533085
1.2.2.2.1.4.3,0.009939242154359818
1.2.2.2.2,0.01029616993231078
1.2.2.2.2.1,0.00766847850754857
1.2.2.2.2.2,0.029667839407920837
1.2.2.2.2.3,0.005472565069794655
1.2.2.2.2.4,0.011114501232362312
1.2.2.2.2.4.1,0.013264529340501343
1.2.2.2.2.4.2,0.010621496675802129
1.2.2.2.2.4.3,0.011643754318356514
1.2.2.2.3,0.00562043153252956
1.2.2.2.3.1,0.008277867920696735
1.2.2.2.3.2,0.009132488630712032
1.2.2.2.3.3,0.009346521459519863
1.2.2.2.3.4,0.006660242019487279
1.2.2.2.3.4.1,0.004150878512658752
1.2.2.2.3.4.2,0.005940311381386386
1.2.2.2.3.4.3,0.011067076042915383
1.2.2.2.4,0.009265885123926582
1.2.2.2.4.1,0.010540817864239216
1.2.2.2.4.2,0.009301849640905857
1.2.2.2.4.3,0.012178191915154457
1.2.2.2.4.4,0.009551684229424404
1.2.2.2.4.4.1,0.006752679454317938
1.2.2.2.4.4.2,0.01853424295162161
1.2.2.2.4.4.3,0.00859443388449458
1.2.2.3,0.013947721932555852
1.2.2.3.1,0.007202350315363968
1.2.2.3.1.1,0.005937451926561503
1.2.2.3.1.2,0.007358915444153051
1.2.2.3.1.3,0.0065519479879488545
1.2.2.3.1.4,0.007092874497175217
1.2.2.3.1.4.1,0.024004245176911354
1.2.2.3.1.4.2,0.0158100463449955
1.2.2.3.1.4.3,0.004604452755302191
1.2.2.3.2,0.018504611654483742
1.2.2.3.2.1,0.007429681718349457
1.2.2.3.2.2,0.0182091505266726
1.2.2.3.2.3,0.010161379352211952
1.2.2.3.2.4,0.018791824023449612
1.2.2.3.2.4.1,0.011396598070859909
1.2.2.3.2.4.2,0.030391512026942177
1.2.2.3.2.4.3,0.009957084152847528
1.2.2.3.3,0.010315445085455264
1.2.2.3.3.1,0.008868818792204062
1.2.2.3.3.2,0.051544077694416046
1.2.2.3.3.3,0.010350504812474052
1.2.2.3.3.4,0.007228067277797631
1.2.2.3.3.4.1,0.011844622902572155
1.2.2.3.3.4.2,0.005769962910562754
1.2.2.3.3.4.3,0.007108984825511773
1.2.2.3.4,0.009361411101116542
1.2.2.3.4.1,0.0043952362999940915
1.2.2.3.4.2,0.0064260284416377544
1.2.2.3.4.3,0.010993259027600288
1.2.2.3.4.4,0.009489711957262354
1.2.2.3.4.4.1,0.010982390493154526
1.2.2.3.4.4.2,0.01018437395534037
1.2.2.3.4.4.3,0.009365424436206618
1.2.2.4,0.006573081059893108
1.2.2.4.1,0.005468971802593144
1.2.2.4.1.1,0.012191416323184967
1.2.2.4.1.2,0.007784399070910045
1.2.2.4.1.3,0.0031588886737484822
1.2.2.4.1.4,0.00830834925485154
1.2.2.4.1.4.1,0.00704430416226387
1.2.2.4.1.4.2,0.006148536573164165
1.2.2.4.1.4.3,0.006733361259102821
1.2.2.4.2,0.005655676816887636
1.2.2.4.2.1,0.007197239901870489
1.2.2.4.2.2,0.01465446621711765
1.2.2.4.2.3,0.006312250159680843
1.2.2.4.2.4,0.005262186683606929
1.2.2.4.2.4.1,0.005651358515024185
1.2.2.4.2.4.2,0.003229054891002866
1.2.2.4.2.4.3,0.0036525445130582038
1.2.2.4.3,0.006656416861401142
1.2.2.4.3.1,0.004542307559556018
1.2.2.4.3.2,0.006625503029984732
1.2.2.4.3.3,0.010980608873069286
1.2.2.4.3.4,0.010994479968212545
1.2.2.4.3.4.1,0.0060620727440850305
1.2.2.4.3.4.2,0.016362010767417296
1.2.2.4.3.4.3,0.011535179801285267
1.2.2.4.4,0.008171817961600467
1.2.2.4.4.1,0.008119224260250727
1.2.2.4.4.1.1,0.011520804604515433
1.2.2.4.4.1.2,0.005553507149064292
1.2.2.4.4.2,0.00816586882305833
1.2.2.4.4.2.1,0.003932231105864048
1.2.2.4.4.2.2,0.0068311932651946945
1.2.2.4.4.3,0.007645984564442187
1.2.2.4.4.3.1,0.005563345164633715
1.2.2.4.4.3.2,0.009950738400220871
1.2.2.4.4.4,0.011284548717622574
1.2.2.4.4.4.1,0.01397214294411242
1.2.2.4.4.4.2,0.0042824880219995975
1.2.2.4.4.4.3,0.011335461788500348
1.2.3,0.009146561953148287
1.2.3.1,0.007552591828293879
1.2.3.1.1,0.006364069018593948
1.2.3.1.1.1,0.006627697963267565
1.2.3.1.1.2,0.010148888986025537
1.2.3.1.1.3,0.012646091170608997
1.2.3.1.1.4,0.005298828724055336
1.2.3.1.1.4.1,0.014145937748253345
1.2.3.1.1.4.2,0.00955870933830738
1.2.3.1.1.4.3,0.004084245476406068
1.2.3.1.2,0.007211578788187848
1.2.3.1.2.1,0.007429532520473003
1.2.3.1.2.2,0.010107413399964571
1.2.3.1.2.3,0.007606094237416983
1.2.3.1.2.4,0.006279545186675693
1.2.3.1.2.4.1,0.0034241976144795236
1.2.3.1.2.4.2,0.0115679781883955
1.2.3.1.2.4.3,0.014198093675076962
1.2.3.1.3,0.008179400909977545
1.2.3.1.3.1,0.015975928399711847
1.2.3.1.3.2,0.012104131048545241
1.2.3.1.3.3,0.00818563806824386
1.2.3.1.3.4,0.00708609948681745
1.2.3.1.3.4.1,0.008357075677253306
1.2.3.1.3.4.2,0.008941831300035119
1.2.3.1.3.4.3,0.009740083145775966
1.2.3.1.4,0.0070170582079424944
1.2.3.1.4.1,0.006048306822776794
1.2.3.1.4.2,0.008377544368462017
1.2.3.1.4.3,0.009700199589133263
1.2.3.1.4.4,0.008974758038918177
1.2.3.1.4.4.1,0.008616792969405651
1.2.3.1.4.4.2,0.011379129253327847
1.2.3.1.4.4.3,0.009602256917527743
1.2.3.2,0.010624205946273411
1.2.3.2.1,0.009808027487684121
1.2.3.2.1.1,0.013464774005115032
1.2.3.2.1.2,0.013011582994035311
1.2.3.2.1.3,0.008863453501059363
1.2.3.2.1.4,0.009153655730187893
1.2.3.2.1.4.1,0.00451203344318156
1.2.3.2.1.4.2,0.013051345944404602
1.2.3.2.1.4.3,0.01317397172429732
1.2.3.2.2,0.008453895714300887
1.2.3.2.2.1,0.007453190252328148
1.2.3.2.2.2,0.005308797117322683
1.2.3.2.2.3,0.007748302896148884
1.2.3.2.2.4,0.009319863989639344
1.2.3.2.2.4.1,0.009919019281080672
1.2.3.2.2.4.2,0.012257995588394502
1.2.3.2.2.4.3,0.017642943188548088
1.2.3.2.3,0.013551911798000721
1.2.3.2.3.1,0.006016742706728669
1.2.3.2.3.2,0.006763783244726558
1.2.3.2.3.3,0.015532914016927992
1.2.3.2.3.4,0.01492404722687622
1.2.3.2.3.4.1,0.01605251564511231
1.2.3.2.3.4.2,0.012686596254399997
1.2.3.2.3.4.3,0.006311387568712234
1.2.3.2.4,0.013325542390633088
1.2.3.2.4.1,0.02161388359963894
1.2.3.2.4.2,0.02103549614548683
1.2.3.2.4.3,0.010476542171090841
1.2.3.2.4.4,0.016018239825609185
1.2.3.2.4.4.1,0.012918489519506693
1.2.3.2.4.4.2,0.007380165159702301
1.2.3.2.4.4.3,0.014479668237842046
1.2.3.3,0.00888332497571671
1.2.3.3.1,0.0059074789862192814
1.2.3.3.1.1,0.004226675257086754
1.2.3.3.1.2,0.007479429943487048
1.2.3.3.1.3,0.01285838894546032
1.2.3.3.1.4,0.005451270017837142
1.2.3.3.1.4.1,0.005797485641848583
1.2.3.3.1.4.2,0.0028599987988575147
1.2.3.3.1.4.3,0.01088780832166473
1.2.3.3.2,0.010894382736296393
1.2.3.3.2.1,0.011814257508376613
1.2.3.3.2.2,0.009402767134209475
1.2.3.3.2.3,0.005854541261214763
1.2.3.3.2.4,0.003957013274296461
1.2.3.3.2.4.1,0.0059692367212846875
1.2.3.3.2.4.2,0.0035079142544418573
1.2.3.3.2.4.3,0.007038042298518121
1.2.3.3.3,0.008000475249164515
1.2.3.3.3.1,0.01281866098621062
1.2.3.3.3.2,0.006879907101392746
1.2.3.3.3.3,0.013631482142955065
1.2.3.3.3.4,0.006203017502020185
1.2.3.3.3.4.1,0.005038479187836249
1.2.3.3.3.4.2,0.005004925295137442
1.2.3.3.3.4.3,0.009642718359827995
1.2.3.3.4,0.007877001241812932
1.2.3.3.4.1,0.004579231628061582
1.2.3.3.4.2,0.011322571244090796
1.2.3.3.4.3,0.011789341989372457
1.2.3.3.4.4,0.00922607397660613
1.2.3.3.4.4.1,0.01376393809914589
1.2.3.3.4.4.2,0.009732084348797798
1.2.3.3.4.4.3,0.009998071938753128
1.2.3.4,0.008336595930805546
1.2.3.4.1,0.006404785997082674
1.2.3.4.1.1,0.011043577835979786
1.2.3.4.1.2,0.008108539739623666
1.2.3.4.1.3,0.010857495479285717
1.2.3.4.1.4,0.005060057711994482
1.2.3.4.1.4.1,0.008967421017587185
1.2.3.4.1.4.2,0.008297009393572807
1.2.3.4.1.4.3,0.004473383251864176
1.2.3.4.2,0.0075025369592986385
1.2.3.4.2.1,0.009345338088818468
1.2.3.4.2.2,0.00804443920370509
1.2.3.4.2.3,0.01193843261959652
1.2.3.4.2.4,0.0043988735248733845
1.2.3.4.2.4.1,0.003026483920761026
1.2.3.4.2.4.2,0.004870576784014702
1.2.3.4.2.4.3,0.011139722540974617
1.2.3.4.3,0.009956719239161596
1.2.3.4.3.1,0.007326406426727772
1.2.3.4.3.2,0.004891309421509504
1.2.3.4.3.3,0.00797404907643795
1.2.3.4.3.4,0.008782656973524918
1.2.3.4.3.4.1,0.018569378927350045
1.2.3.4.3.4.2,0.012212142221290957
1.2.3.4.3.4.3,0.007862612964267763
1.2.3.4.4,0.008231613624564095
1.2.3.4.4.1,0.01093976607080549
1.2.3.4.4.1.1,0.022381549701094627
1.2.3.4.4.1.2,0.011175058715577637
1.2.3.4.4.2,0.007490313274320215
1.2.3.4.4.2.1,0.0059580622958795475
1.2.3.4.4.2.2,0.008289168788386243
1.2.3.4.4.3,0.011612540899982883
1.2.3.4.4.3.1,0.010904046622189608
1.2.3.4.4.3.2,0.007872950984165072
1.2.3.4.4.4,0.008837489575078641
1.2.3.4.4.4.1,0.010082276604537452
1.2.3.4.4.4.2,0.010132328684752187
1.2.3.4.4.4.3,0.005356613080948591
1.2.4,0.009714351908171003
1.2.4.1,0.00662757704335507
1.2.4.1.1,0.008591233262498128
1.2.4.1.1.1,0.007078064139932394
1.2.4.1.1.2,0.007537489291280508
1.2.4.1.1.3,0.0046301428228616714
1.2.4.1.1.4,0.009415632573008124
1.2.4.1.1.4.1,0.007231339191397031
1.2.4.1.1.4.2,0.005949860528254738
1.2.4.1.1.4.3,0.014636511635035276
1.2.4.1.2,0.006867276244731837
1.2.4.1.2.1,0.00900237262248993
1.2.4.1.2.2,0.01201756511415754
1.2.4.1.2.3,0.005070051760412753
1.2.4.1.2.4,0.006304059734406031
1.2.4.1.2.4.1,0.0036480919672892643
1.2.4.1.2.4.2,0.009729842112089196
1.2.4.1.2.4.3,0.01031389506533742
1.2.4.1.3,0.0076187793835715365
1.2.4.1.3.1,0.011243794020265341
1.2.4.1.3.2,0.004887118916182469
1.2.4.1.3.3,0.00790680634478728
1.2.4.1.3.4,0.011172561802797847
1.2.4.1.3.4.1,0.00910191610455513
1.2.4.1.3.4.2,0.010205836966633797
1.2.4.1.3.4.3,0.009575725266976016
1.2.4.1.4,0.005989106788721149
1.2.4.1.4.1,0.007228062488138676
1.2.4.1.4.2,0.004498334368690848
1.2.4.1.4.3,0.0036626433526786664
1.2.4.1.4.4,0.006587567587848753
1.2.4.1.4.4.1,0.0093686543405056
1.2.4.1.4.4.2,0.006999537999464972
1.2.4.1.4.4.3,0.007794949292604413
1.2.4.1.4.4.4,0.003786166516047987
1.2.4.2,0.010827683644062589
1.2.4.2.1,0.006588862727910869
1.2.4.2.1.1,0.0072169167300065356
1.2.4.2.1.2,0.009905788049634014
1.2.4.2.1.3,0.03843580186367035
1.2.4.2.1.4,0.007638856390258297
1.2.4.2.1.4.1,0.06962630152702332
1.2.4.2.1.4.2,0.007257877825759351
1.2.4.2.1.4.3,0.007118007401004434
1.2.4.2.2,0.008883988957457019
1.2.4.2.2.1,0.007797721773386002
1.2.4.2.2.2,0.006491581300416818
1.2.4.2.2.3,0.011716328654438257
1.2.4.2.2.4,0.009208028221369855
1.2.4.2.2.4.1,0.01066380419901439
1.2.4.2.2.4.2,0.008447608988111218
1.2.4.2.2.4.3,0.003003701101988554
1.2.4.2.3,0.005896049233653196
1.2.4.2.3.1,0.015484795905649662
1.2.4.2.3.2,0.007546934603641813
1.2.4.2.3.3,0.003921111974005516
1.2.4.2.3.4,0.008545071352273226
1.2.4.2.3.4.1,0.00555060151964426
1.2.4.2.3.4.2,0.009379003949176807
1.2.4.2.3.4.3,0.006753092631697655
1.2.4.2.4,0.012816146895017394
1.2.4.2.4.1,0.004412760608829558
1.2.4.2.4.2,0.008684534615335556
1.2.4.2.4.3,0.009791642212523865
1.2.4.2.4.4,0.014320713657973327
1.2.4.2.4.4.1,0.007591128349304199
1.2.4.2.4.4.2,0.01797727602451497
1.2.4.2.4.4.3,0.0050340910675004125
1.2.4.2.4.4.4,0.009612122458071472
1.2.4.3,0.010754524723721862
1.2.4.3.1,0.007645193606922326
1.2.4.3.1.1,0.014285857789218426
1.2.4.3.1.2,0.010444105336708682
1.2.4.3.1.3,0.0036236585583537817
1.2.4.3.1.4,0.0070449818488193955
1.2.4.3.1.4.1,0.01126059889793396
1.2.4.3.1.4.2,0.007824030242074807
1.2.4.3.1.4.3,0.004584445080791528
1.2.4.3.2,0.007373693864792585
1.2.4.3.2.1,0.006615328647267933
1.2.4.3.2.2,0.014909232733771205
1.2.4.3.2.3,0.011652528308331966
1.2.4.3.2.4,0.005034033841054354
1.2.4.3.2.4.1,0.005097211571410298
1.2.4.3.2.4.2,0.004747307393699884
1.2.4.3.2.4.3,0.0030163582414388657
1.2.4.3.3,0.015739242069707452
1.2.4.3.3.1,0.010115204167298296
1.2.4.3.3.2,0.005081280949525535
1.2.4.3.3.3,0.004573453217744827
1.2.4.3.3.4,0.014421431888026305
1.2.4.3.3.4.1,0.009507461450994015
1.2.4.3.3.4.2,0.015759784895339905
1.2.4.3.3.4.3,0.0067955506965518
1.2.4.3.4,0.009787926580902422
1.2.4.3.4.1,0.0038236123241054323
1.2.4.3.4.2,0.004333759213543751
1.2.4.3.4.3,0.012562949676066637
1.2.4.3.4.4,0.008144635281948505
1.2.4.3.4.4.1,0.004468537168577313
1.2.4.3.4.4.2,0.009366549008215467
1.2.4.3.4.4.3,0.0055550513430856745
1.2.4.3.4.4.4,0.010680418107351793
1.2.4.4,0.006398032565063473
1.2.4.4.1,0.0064763277882664665
1.2.4.4.1.1,0.010832404896903496
1.2.4.4.1.2,0.027042433619499207
1.2.4.4.1.3,0.013208359479904175
1.2.4.4.1.4,0.0037341054649678647
1.2.4.4.1.4.1,0.0036369932081120517
1.2.4.4.1.4.2,0.007487939670681953
1.2.4.4.1.4.3,0.004521871236367867
1.2.4.4.2,0.008035577567560332
1.2.4.4.2.1,0.010195321004305567
1.2.4.4.2.2,0.004594868049025536
1.2.4.4.2.3,0.0032887186389416456
1.2.4.4.2.4,0.006097040157048748
1.2.4.4.2.4.1,0.005173506376405175
1.2.4.4.2.4.2,0.011414904069776336
1.2.4.4.2.4.3,0.006402194499969482
1.2.4.4.3,0.008261523209512234
1.2.4.4.3.1,0.014807183549485424
1.2.4.4.3.2,0.0041486748870318895
1.2.4.4.3.3,0.007210321258753538
1.2.4.4.3.4,0.008114881287126438
1.2.4.4.3.4.1,0.006638338789343834
1.2.4.4.3.4.2,0.006490636581125168
1.2.4.4.3.4.3,0.007805916015058756
1.2.4.4.4,0.005571740984239361
1.2.4.4.4.1,0.00479183650503938
1.2.4.4.4.1.1,0.005476907691142212
1.2.4.4.4.1.2,0.006705769803375006
1.2.4.4.4.2,0.007014348229859024
1.2.4.4.4.2.1,0.008710813309465135
1.2.4.4.4.2.2,0.004920660983771086
1.2.4.4.4.3,0.009282356527234827
1.2.4.4.4.3.1,0.003743646666407585
1.2.4.4.4.3.2,0.01092464872635901
1.2.4.4.4.4,0.00670038762753113
1.2.4.4.4.4.1,0.005511626654949326
1.2.4.4.4.4.2,0.0052476431905793455
1.3,0.009121444462048635
1.3.1,0.011472129322435414
1.3.1.1,0.01050559801206741
1.3.1.1.1,0.013097084426213192
1.3.1.1.1.1,0.004100130405277014
1.3.1.1.1.2,0.004360296638109363
1.3.1.1.1.3,0.004699123575567053
1.3.1.1.1.4,0.01540352332144024
1.3.1.1.1.4.1,0.014999248646199703
1.3.1.1.1.4.2,0.011836961416217187
1.3.1.1.1.4.3,0.009096004494403278
1.3.1.1.2,0.012262530755833723
1.3.1.1.2.1,0.010004117526113987
1.3.1.1.2.2,0.004829564597457647
1.3.1.1.2.3,0.04033206216990948
1.3.1.1.2.4,0.007728206193340676
1.3.1.1.2.4.1,0.0020835131872445345
1.3.1.1.2.4.2,0.00949695062202712
1.3.1.1.2.4.3,0.010380185209214687
1.3.1.1.3,0.006622351979350914
1.3.1.1.3.1,0.00300760234061342
1.3.1.1.3.2,0.007628247141838074
1.3.1.1.3.3,0.009006012231111526
1.3.1.1.3.4,0.01352887052214808
1.3.1.1.3.4.1,0.016415681689977646
1.3.1.1.3.4.2,0.00519556412473321
1.3.1.1.3.4.3,0.01528423179739288
1.3.1.1.4,0.008142198086716235
1.3.1.1.4.1,0.018328586593270302
1.3.1.1.4.2,0.005654826187916721
1.3.1.1.4.3,0.006487195768083136
1.3.1.1.4.4,0.010874248668551445
1.3.1.1.4.4.1,0.0031968627590686083
1.3.1.1.4.4.2,0.009435562044382095
1.3.1.1.4.4.3,0.01614562375470996
1.3.1.2,0.015677965105998955
1.3.1.2.1,0.02554394518674323
1.3.1.2.1.1,0.018424408761784434
1.3.1.2.1.2,0.018312604632228613
1.3.1.2.1.3,0.009015507064759731
1.3.1.2.1.4,0.00990347456066839
1.3.1.2.1.4.1,0.005106330383569002
1.3.1.2.1.4.2,0.009780725845220413
1.3.1.2.1.4.3,0.021673471068165133
1.3.1.2.2,0.011489677491802151
1.3.1.2.2.1,0.011488749006344397
1.3.1.2.2.2,0.014062118051307542
1.3.1.2.2.3,0.008514914118374387
1.3.1.2.2.4,0.02841087690155421
1.3.1.2.2.4.1,0.01645308919250965
1.3.1.2.2.4.2,0.007663053926080465
1.3.1.2.2.4.3,0.027142742183059454
1.3.1.2.3,0.008276033428419068
1.3.1.2.3.1,0.006300345761701465
1.3.1.2.3.2,0.009605767062077155
1.3.1.2.3.3,0.0153451399722447
1.3.1.2.3.4,0.007467714210765229
1.3.1.2.3.4.1,0.006680593341588974
1.3.1.2.3.4.2,0.008973340038210154
1.3.1.2.3.4.3,0.010055284287470082
1.3.1.2.4,0.007171834702603519
1.3.1.2.4.1,0.007248022360727191
1.3.1.2.4.2,0.010140636004507542
1.3.1.2.4.3,0.011264269395420948
1.3.1.2.4.4,0.007788409527468805
1.3.1.2.4.4.1,0.008960400824435055
1.3.1.2.4.4.2,0.011058150868241986
1.3.1.2.4.4.3,0.00444795424118638
1.3.1.3,0.008801900544135086
1.3.1.3.1,0.008064176958226263
1.3.1.3.1.1,0.0067521300381765915
1.3.1.3.1.2,0.005216794554144144
1.3.1.3.1.3,0.009894966147840023
1.3.1.3.1.4,0.010302691414624966
1.3.1.3.1.4.1,0.00793848532651152
1.3.1.3.1.4.2,0.008474732465856505
1.3.1.3.1.4.3,0.011635796166956425
1.3.1.3.2,0.006338693491087701
1.3.1.3.2.1,0.012559760749960939
1.3.1.3.2.2,0.007151175290346146
1.3.1.3.2.3,0.005744433030486107
1.3.1.3.2.4,0.005311507789883763
1.3.1.3.2.4.1,0.0042770226136781275
1.3.1.3.2.4.2,0.011134161893278361
1.3.1.3.2.4.3,0.005959499957195173
1.3.1.3.3,0.009423360045926244
1.3.1.3.3.1,0.015814394424004213
1.3.1.3.3.2,0.021561689861118793
1.3.1.3.3.3,0.011255910348457595
1.3.1.3.3.4,0.0038570971367880703
1.3.1.3.3.4.1,0.013541869819164276
1.3.1.3.3.4.2,0.0040429873430791
1.3.1.3.3.4.3,0.004254607027038359
1.3.1.3.4,0.008956351584789378
1.3.1.3.4.1,0.01678086444735527
1.3.1.3.4.2,0.0030033148359507322
1.3.1.3.4.3,0.01083274402966102
1.3.1.3.4.4,0.009116368717513978
1.3.1.3.4.4.1,0.02180037049887081
1.3.1.3.4.4.2,0.0038417084142565727
1.3.1.3.4.4.3,0.005733752914238721
1.3.1.4,0.007942350711673499
1.3.1.4.1,0.008490499270192232
1.3.1.4.1.1,0.0032039007816750268
1.3.1.4.1.2,0.005166328764365365
1.3.1.4.1.3,0.006640286495288213
1.3.1.4.1.4,0.010689508107953612
1.3.1.4.1.4.1,0.01160329021513462
1.3.1.4.1.4.2,0.01009906461792222
1.3.1.4.1.4.3,0.005853608716279268
1.3.1.4.2,0.011304344960350406
1.3.1.4.2.1,0.014422278851270676
1.3.1.4.2.2,0.006845265161246061
1.3.1.4.2.3,0.02700650542974472
1.3.1.4.2.4,0.007822709501765314
1.3.1.4.2.4.1,0.013082842608647687
1.3.1.4.2.4.2,0.006765313912183046
1.3.1.4.2.4.3,0.005554612958803773
1.3.1.4.3,0.0055629717831868885
1.3.1.4.3.1,0.005028523039072752
1.3.1.4.3.2,0.007950431076236643
1.3.1.4.3.3,0.011975361034274101
1.3.1.4.3.4,0.004715802891251559
1.3.1.4.3.4.1,0.003449498389202815
1.3.1.4.3.4.2,0.00459261482151655
1.3.1.4.3.4.3,0.006705508509185165
1.3.1.4.4,0.005245255485918941
1.3.1.4.4.1,0.007944449782371521
1.3.1.4.4.1.1,0.0031240154057741165
1.3.1.4.4.1.2,0.030677426606416702
1.3.1.4.4.2,0.003679327612432341
1.3.1.4.4.2.1,0.0035574104210051396
1.3.1.4.4.2.2,0.006992435082793236
1.3.1.4.4.3,0.006596449064090848
1.3.1.4.4.3.1,0.0047457974511556904
1.3.1.4.4.3.2,0.008069274481385946
1.3.1.4.4.4,0.006688701953472835
1.3.1.4.4.4.1,0.00501525541767478
1.3.1.4.4.4.2,0.009955123399517365
1.3.1.4.4.4.3,0.005412901393496073
1.3.2,0.007079369077870363
1.3.2.1,0.009438305492362669
1.3.2.1.1,0.007614208798434946
1.3.2.1.1.1,0.006593062076717615
1.3.2.1.1.2,0.006821665447205305
1.3.2.1.1.3,0.006398314574303536
1.3.2.1.1.4,0.01143081613223661
1.3.2.1.1.4.1,0.009259781916625798
1.3.2.1.1.4.2,0.01318035957713922
1.3.2.1.1.4.3,0.006259703077375889
1.3.2.1.2,0.01154740525763137
1.3.2.1.2.1,0.009777145460247993
1.3.2.1.2.2,0.0109010604598249
1.3.2.1.2.3,0.01017121710957816
1.3.2.1.2.4,0.01489882804453373
1.3.2.1.2.4.1,0.014517034337456738
1.3.2.1.2.4.2,0.005286820465698838
1.3.2.1.2.4.3,0.016037206631153822
1.3.2.1.3,0.007523859024513513
1.3.2.1.3.1,0.0076940362341701984
1.3.2.1.3.2,0.010833145507300893
1.3.2.1.3.3,0.008961820043623447
1.3.2.1.3.4,0.006528390666062478
1.3.2.1.3.4.1,0.007768641924485564
1.3.2.1.3.4.2,0.004095464228437497
1.3.2.1.3.4.3,0.012165313897033533
1.3.2.1.4,0.010047989849258086
1.3.2.1.4.1,0.010734714281100493
1.3.2.1.4.2,0.00985939179857572
1.3.2.1.4.3,0.012049395591020584
1.3.2.1.4.4,0.008741631463635713
1.3.2.1.4.4.1,0.010952895706785577
1.3.2.1.4.4.2,0.005420526023954153
1.3.2.1.4.4.3,0.007150109391659498
1.3.2.2,0.007562670457264176
1.3.2.2.1,0.007558218797815866
1.3.2.2.1.1,0.004964816461627682
1.3.2.2.1.2,0.010899552736770023
1.3.2.2.1.3,0.01213914344015603
1.3.2.2.1.4,0.006977871645511569
1.3.2.2.1.4.1,0.013331111442918578
1.3.2.2.1.4.2,0.005428094804907839
1.3.2.2.1.4.3,0.012367825023829937
1.3.2.2.2,0.009828693367308006
1.3.2.2.2.1,0.005833129398524761
1.3.2.2.2.2,0.009312624810263515
1.3.2.2.2.3,0.011067046461483607
1.3.2.2.2.4,0.009836552874185145
1.3.2.2.2.4.1,0.012744334487554928
1.3.2.2.2.4.2,0.012525609151149789
1.3.2.2.2.4.3,0.006702846381813288
1.3.2.2.3,0.007060980607223298
1.3.2.2.3.1,0.009629110805690289
1.3.2.2.3.2,0.006422399077564478
1.3.2.2.3.3,0.010295806142191092
1.3.2.2.3.4,0.005957872932776808
1.3.2.2.3.4.1,0.00662629845408866
1.3.2.2.3.4.2,0.016878429800271988
1.3.2.2.3.4.3,0.008282515802420676
1.3.2.2.4,0.006061212296652443
1.3.2.2.4.1,0.01289009116590023
1.3.2.2.4.2,0.01073125284165144
1.3.2.2.4.3,0.011600910685956478
1.3.2.2.4.4,0.006659894264885224
1.3.2.2.4.4.1,0.007488061053057511
1.3.2.2.4.4.2,0.003563828345459814
1.3.2.2.4.4.3,0.005965384547240459
1.3.2.3,0.0063392435179345985
1.3.2.3.1,0.008645321635074567
1.3.2.3.1.1,0.013734933554327913
1.3.2.3.1.2,0.008605728950351476
1.3.2.3.1.3,0.005059674847871065
1.3.2.3.1.4,0.007314135188884709
1.3.2.3.1.4.1,0.006604727287776768
1.3.2.3.1.4.2,0.010312756892138472
1.3.2.3.1.4.3,0.012159634381532669
1.3.2.3.2,0.006191925841801781
1.3.2.3.2.1,0.004976958579694231
1.3.2.3.2.2,0.006565578281879425
1.3.2.3.2.3,0.004288423860159058
1.3.2.3.2.4,0.00794795957732607
1.3.2.3.2.4.1,0.007398635149002075
1.3.2.3.2.4.2,0.005938841008835218
1.3.2.3.2.4.3,0.00705171781592071
1.3.2.3.3,0.007532006623505643
1.3.2.3.3.1,0.008905118331313133
1.3.2.3.3.2,0.010716514894738793
1.3.2.3.3.3,0.010399411742885908
1.3.2.3.3.4,0.0067884920679621005
1.3.2.3.3.4.1,0.012252581771463156
1.3.2.3.3.4.2,0.00855752732604742
1.3.2.3.3.4.3,0.00452908964899297
1.3.2.3.4,0.005587472625834745
1.3.2.3.4.1,0.005601384872469801
1.3.2.3.4.2,0.011891701569159826
1.3.2.3.4.3,0.0061418479308485985
1.3.2.3.4.4,0.0193254086188972
1.3.2.3.4.4.1,0.007014397066086531
1.3.2.3.4.4.2,0.01554104220122099
1.3.2.3.4.4.3,0.018355226144194603
1.3.2.4,0.0061259002873550435
1.3.2.4.1,0.007203610064849878
1.3.2.4.1.1,0.009993319399654865
1.3.2.4.1.2,0.011113847993935147
1.3.2.4.1.3,0.006413939319407711
1.3.2.4.1.4,0.00796560770659535
1.3.2.4.1.4.1,0.007758515886962414
1.3.2.4.1.4.2,0.0037164326596002164
1.3.2.4.1.4.3,0.004769242834299803
1.3.2.4.2,0.010566115397243546
1.3.2.4.2.1,0.016245346904421847
1.3.2.4.2.2,0.007486483082175255
1.3.2.4.2.3,0.00472765788435936
1.3.2.4.2.4,0.00497860509979849
1.3.2.4.2.4.1,0.03239380940794945
1.3.2.4.2.4.2,0.005185962792231955
1.3.2.4.2.4.3,0.008569782599806786
1.3.2.4.3,0.004719198414796278
1.3.2.4.3.1,0.0045328774493129
1.3.2.4.3.2,0.0072363770566880705
1.3.2.4.3.3,0.003693561544641852
1.3.2.4.3.4,0.0070540302695007995
1.3.2.4.3.4.1,0.004996383252243201
1.3.2.4.3.4.2,0.022157125174999237
1.3.2.4.3.4.3,0.011569136753678322
1.3.2.4.4,0.00834021179921805
1.3.2.4.4.1,0.006734674454064053
1.3.2.4.4.1.1,0.004669004546788831
1.3.2.4.4.1.2,0.014554492081515491
1.3.2.4.4.2,0.007397302356548607
1.3.2.4.4.2.1,0.00943687568920163
1.3.2.4.4.2.2,0.01185447656150375
1.3.2.4.4.3,0.02442382586499055
1.3.2.4.4.3.1,0.031097859144210815
1.3.2.4.4.3.2,0.018059780821204185
1.3.2.4.4.4,0.008969307234067293
1.3.2.4.4.4.1,0.0046584517515909215
1.3.2.4.4.4.2,0.010916396975517273
1.3.2.4.4.4.3,0.014613821437316281
1.3.3,0.008061151489537339
1.3.3.1,0.008789758699630732
1.3.3.1.1,0.009067060951239023
1.3.3.1.1.1,0.058724936097860336
1.3.3.1.1.2,0.004373795663317044
1.3.3.1.1.3,0.00996402744203806
1.3.3.1.1.4,0.011381291891806401
1.3.3.1.1.4.1,0.009369540959596634
1.3.3.1.1.4.2,0.01398263924888202
1.3.3.1.1.4.3,0.010604234645143151
1.3.3.1.2,0.009248460995685923
1.3.3.1.2.1,0.0071675777435302734
1.3.3.1.2.2,0.014215362258255482
1.3.3.1.2.3,0.008913066267268732
1.3.3.1.2.4,0.012496954133815092
1.3.3.1.2.4.1,0.0176183620467782
1.3.3.1.2.4.2,0.00850582392886281
1.3.3.1.2.4.3,0.01345935525993506
1.3.3.1.3,0.00898032601284997
1.3.3.1.3.1,0.008282674476504326
1.3.3.1.3.2,0.017875597439706327
1.3.3.1.3.3,0.005997962748201994
1.3.3.1.3.4,0.008864421932958066
1.3.3.1.3.4.1,0.006119363350220597
1.3.3.1.3.4.2,0.012809127336367965
1.3.3.1.3.4.3,0.009345422498881817
1.3.3.1.4,0.009413270865926486
1.3.3.1.4.1,0.007192388445568772
1.3.3.1.4.2,0.01137894531711936
1.3.3.1.4.3,0.012317451648414135
1.3.3.1.4.4,0.00900362876231554
1.3.3.1.4.4.1,0.010096184325419248
1.3.3.1.4.4.2,0.003857263883289236
1.3.3.1.4.4.3,0.005186327733099461
1.3.3.2,0.007344131080426978
1.3.3.2.1,0.006398101788718344
1.3.3.2.1.1,0.006482196971774101
1.3.3.2.1.2,0.010815897025167942
1.3.3.2.1.3,0.005717097393547495
1.3.3.2.1.4,0.006975452803696196
1.3.3.2.1.4.1,0.002811186588727511
1.3.3.2.1.4.2,0.013595253229141235
1.3.3.2.1.4.3,0.009874201379716396
1.3.3.2.2,0.007469304889026616
1.3.3.2.2.1,0.0061450013890862465
1.3.3.2.2.2,0.011658243679751953
1.3.3.2.2.3,0.0070417223032563925
1.3.3.2.2.4,0.006492111034906254
1.3.3.2.2.4.1,0.006155969951158533
1.3.3.2.2.4.2,0.024704622104763985
1.3.3.2.2.4.3,0.007855077390559018
1.3.3.2.3,0.007614628287098769
1.3.3.2.3.1,0.007781247142702341
1.3.3.2.3.2,0.015386300294526986
1.3.3.2.3.3,0.006133068943969333
1.3.3.2.3.4,0.010856094226861993
1.3.3.2.3.4.1,0.010965124610811472
1.3.3.2.3.4.2,0.0069542839191854
1.3.3.2.3.4.3,0.007098466157913208
1.3.3.2.4,0.007868365744467486
1.3.3.2.4.1,0.008503745930890242
1.3.3.2.4.2,0.015238127205520868
1.3.3.2.4.3,0.004625244684015902
1.3.3.2.4.4,0.009994677423189083
1.3.3.2.4.4.1,0.005998485721647739
1.3.3.2.4.4.2,0.01037131283166153
1.3.3.2.4.4.3,0.003728378564119339
1.3.3.3,0.007450993814642615
1.3.3.3.1,0.007234205352789205
1.3.3.3.1.1,0.012883268296718597
1.3.3.3.1.2,0.01005670172162354
1.3.3.3.1.3,0.007442296793063481
1.3.3.3.1.4,0.007756927614345362
1.3.3.3.1.4.1,0.007155109352121751
1.3.3.3.1.4.2,0.02091660536825657
1.3.3.3.1.4.3,0.007036552065983415
1.3.3.3.2,0.009478452563699748
1.3.3.3.2.1,0.015194645284542016
1.3.3.3.2.2,0.01857048725443227
1.3.3.3.2.3,0.006652513053268194
1.3.3.3.2.4,0.007961235707625747
1.3.3.3.2.4.1,0.005862064193934202
1.3.3.3.2.4.2,0.010785795748233795
1.3.3.3.2.4.3,0.004732769913971424
1.3.3.3.3,0.0069704528447861475
1.3.3.3.3.1,0.006111519070915305
1.3.3.3.3.2,0.006771440152078867
1.3.3.3.3.3,0.005060980562120676
1.3.3.3.3.4,0.007288497954612146
1.3.3.3.3.4.1,0.005980557213625835
1.3.3.3.3.4.2,0.007963849852482477
1.3.3.3.3.4.3,0.00992492400109768
1.3.3.3.4,0.009257364007724641
1.3.3.3.4.1,0.014979515224695206
1.3.3.3.4.2,0.004923991238077481
1.3.3.3.4.3,0.005738076288253069
1.3.3.3.4.4,0.010131110091881529
1.3.3.3.4.4.1,0.015217543579638004
1.3.3.3.4.4.2,0.008530485152239295
1.3.3.3.4.4.3,0.013135120272636414
1.3.3.4,0.006436501192686089
1.3.3.4.1,0.0046472973335767165
1.3.3.4.1.1,0.0074350121431052685
1.3.3.4.1.2,0.0052444105967879295
1.3.3.4.1.3,0.010029993019998074
1.3.3.4.1.4,0.004716554656624794
1.3.3.4.1.4.1,0.006491277366876602
1.3.3.4.1.4.2,0.004969402646216063
1.3.3.4.1.4.3,0.004776789341121912
1.3.3.4.2,0.010023810276080196
1.3.3.4.2.1,0.010611670490886484
1.3.3.4.2.2,0.003888155100867152
1.3.3.4.2.3,0.008152138173150329
1.3.3.4.2.4,0.01184569316376981
1.3.3.4.2.4.1,0.004790316801518202
1.3.3.4.2.4.2,0.010347024537622929
1.3.3.4.2.4.3,0.012761301234025847
1.3.3.4.3,0.007482768057591536
1.3.3.4.3.1,0.010768859724824628
1.3.3.4.3.2,0.0067477039992809296
1.3.3.4.3.3,0.04559135437011719
1.3.3.4.3.4,0.0066687141795857595
1.3.3.4.3.4.1,0.011521764720479647
1.3.3.4.3.4.2,0.006767949089407921
1.3.3.4.3.4.3,0.004568089184781106
1.3.3.4.4,0.005412363876940874
1.3.3.4.4.1,0.009143128561285825
1.3.3.4.4.1.1,0.007313766051083803
1.3.3.4.4.1.2,0.014363453723490238
1.3.3.4.4.2,0.005055497280663139
1.3.3.4.4.2.1,0.005078247471716139
1.3.3.4.4.2.2,0.005554577801376581
1.3.3.4.4.3,0.009530651782240187
1.3.3.4.4.3.1,0.008103134110569954
1.3.3.4.4.3.2,0.01187358625854055
1.3.3.4.4.4,0.005907607399752702
1.3.3.4.4.4.1,0.006623341566106926
1.3.3.4.4.4.2,0.013559910468757153
1.3.3.4.4.4.3,0.00466516942717135
1.3.4,0.007888985796006606
1.3.4.1,0.008348549958802576
1.3.4.1.1,0.009725808625807986
1.3.4.1.1.1,0.010157232638448477
1.3.4.1.1.2,0.017848236486315727
1.3.4.1.1.3,0.031932330025093894
1.3.4.1.1.4,0.006187393804653906
1.3.4.1.1.4.1,0.0047959048444261914
1.3.4.1.1.4.2,0.00579111510887742
1.3.4.1.1.4.3,0.006128504464868456
1.3.4.1.2,0.007138402940380195
1.3.4.1.2.1,0.011768326908349992
1.3.4.1.2.2,0.00547566053379948
1.3.4.1.2.3,0.008365519771662852
1.3.4.1.2.4,0.006665755048743449
1.3.4.1.2.4.1,0.015729594975709915
1.3.4.1.2.4.2,0.006456741898243005
1.3.4.1.2.4.3,0.012063692124294383
1.3.4.1.3,0.009177990914322436
1.3.4.1.3.1,0.013641426339745522
1.3.4.1.3.2,0.00781457299705256
1.3.4.1.3.3,0.028695771098136903
1.3.4.1.3.4,0.005837421496835304
1.3.4.1.3.4.1,0.004354522151585955
1.3.4.1.3.4.2,0.013104010994235674
1.3.4.1.3.4.3,0.0029089571281264606
1.3.4.1.4,0.007834253802974808
1.3.4.1.4.1,0.005303714191541076
1.3.4.1.4.2,0.019135475158691406
1.3.4.1.4.3,0.009483693710838756
1.3.4.1.4.4,0.006246871431358159
1.3.4.1.4.4.1,0.008969286301483711
1.3.4.1.4.4.2,0.005592788103967905
1.3.4.1.4.4.3,0.006199223920702934
1.3.4.1.4.4.4,0.004099959874740587
1.3.4.2,0.006808245009142899
1.3.4.2.1,0.008074039891079972
1.3.4.2.1.1,0.005318714790822317
1.3.4.2.1.2,0.007285182876512408
1.3.4.2.1.3,0.016719962159792583
1.3.4.2.1.4,0.007739717567218813
1.3.4.2.1.4.1,0.015419365279376507
1.3.4.2.1.4.2,0.007486099498707737
1.3.4.2.1.4.3,0.005541538082373639
1.3.4.2.2,0.005768711478341111
1.3.4.2.2.1,0.00735862053418532
1.3.4.2.2.2,0.012223258215401853
1.3.4.2.2.3,0.0047546026956600445
1.3.4.2.2.4,0.004545416423262885
1.3.4.2.2.4.1,0.016454068943858147
1.3.4.2.2.4.2,0.006731625664262817
1.3.4.2.2.4.3,0.004138892140382757
1.3.4.2.3,0.0071697006474785285
1.3.4.2.3.1,0.020619664962093037
1.3.4.2.3.2,0.009715039963619066
1.3.4.2.3.3,0.005780742678325623
1.3.4.2.3.4,0.005543786771313259
1.3.4.2.3.4.1,0.008682728046551347
1.3.4.2.3.4.2,0.006891978264320642
1.3.4.2.3.4.3,0.0038363111939711068
1.3.4.2.4,0.006876211001297399
1.3.4.2.4.1,0.013777941797993012
1.3.4.2.4.2,0.007697249476153117
1.3.4.2.4.3,0.009622209024830507
1.3.4.2.4.4,0.006275456129334682
1.3.4.2.4.4.1,0.011224073513100544
1.3.4.2.4.4.2,0.012550035092447485
1.3.4.2.4.4.3,0.008241593139246106
1.3.4.2.4.4.4,0.0067326897761086
1.3.4.3,0.009622189567793316
1.3.4.3.1,0.006391664275576418
1.3.4.3.1.1,0.008537768619135022
1.3.4.3.1.2,0.009094403125345707
1.3.4.3.1.3,0.014037385699339211
1.3.4.3.1.4,0.006217466176260645
1.3.4.3.1.4.1,0.005532369175925851
1.3.4.3.1.4.2,0.00506710375730808
1.3.4.3.1.4.3,0.01901191845536232
1.3.4.3.2,0.008561986425009212
1.3.4.3.2.1,0.011997938494790684
1.3.4.3.2.2,0.005524089280515909
1.3.4.3.2.3,0.006783489137887955
1.3.4.3.2.4,0.007177178903172414
1.3.4.3.2.4.1,0.017415262758731842
1.3.4.3.2.4.2,0.007255557727498503
1.3.4.3.2.4.3,0.009406359267554112
1.3.4.3.3,0.010984464048994653
1.3.4.3.3.1,0.005440984406353285
1.3.4.3.3.2,0.014243404846638441
1.3.4.3.3.3,0.0071237466763705015
1.3.4.3.3.4,0.013555280528641467
1.3.4.3.3.4.1,0.016857164722636313
1.3.4.3.3.4.2,0.01399872568435967
1.3.4.3.3.4.3,0.003029639716260135
1.3.4.3.4,0.007242638122988865
1.3.4.3.4.1,0.004591142336721532
1.3.4.3.4.2,0.006930395362100431
1.3.4.3.4.3,0.019878836534917354
1.3.4.3.4.4,0.005546317928327391
1.3.4.3.4.4.1,0.004782071355013893
1.3.4.3.4.4.2,0.016767440363764763
1.3.4.3.4.4.3,0.00854257536896815
1.3.4.3.4.4.4,0.016748446971178055
1.3.4.4,0.00800839034607634
1.3.4.4.1,0.006593063662876375
1.3.4.4.1.1,0.01343416003510356
1.3.4.4.1.2,0.009639539755880833
1.3.4.4.1.3,0.0063662646660724515
1.3.4.4.1.4,0.00611239262462522
1.3.4.4.1.4.1,0.005993581483683859
1.3.4.4.1.4.2,0.0037880306526158866
1.3.4.4.1.4.3,0.00711726862937212
1.3.4.4.2,0.008339424300542537
1.3.4.4.2.1,0.0036487027149026594
1.3.4.4.2.2,0.018842563033103943
1.3.4.4.2.3,0.003973330030790889
1.3.4.4.2.4,0.013893553614616394
1.3.4.4.2.4.1,0.014176924579909869
1.3.4.4.2.4.2,0.01479922647454909
1.3.4.4.2.4.3,0.011303495243191719
1.3.4.4.3,0.005254621210042387
1.3.4.4.3.1,0.0188278891146183
1.3.4.4.3.2,0.0059072553607014315
1.3.4.4.3.3,0.005473962984979153
1.3.4.4.3.4,0.006612706943997182
1.3.4.4.3.4.1,0.007667893345933407
1.3.4.4.3.4.2,0.006596649933437055
1.3.4.4.3.4.3,0.005266090389341116
1.3.4.4.4,0.010679089330073636
1.3.4.4.4.1,0.01381405375220559
1.3.4.4.4.1.1,0.02011154033243656
1.3.4.4.4.1.2,0.013373607024550437
1.3.4.4.4.2,0.01203440921381116
1.3.4.4.4.2.1,0.014392450451850891
1.3.4.4.4.2.2,0.011403193774943551
1.3.4.4.4.3,0.01693836599588394
1.3.4.4.4.3.1,0.008444680832326412
1.3.4.4.4.3.2,0.019182659685611725
1.3.4.4.4.4,0.008465397953748321
1.3.4.4.4.4.1,0.008711329661309719
1.3.4.4.4.4.2,0.009493358922787966
1.4,0.008637909422462089
1.4.1,0.007866807777649013
1.4.1.1,0.008100583931407718
1.4.1.1.1,0.010424382167305643
1.4.1.1.1.1,0.0060827662236988544
1.4.1.1.1.2,0.01767478060598175
1.4.1.1.1.3,0.005799020174890757
1.4.1.1.1.4,0.011266875770632867
1.4.1.1.1.4.1,0.02038162587476628
1.4.1.1.1.4.2,0.017377426182585105
1.4.1.1.1.4.3,0.0033128714421764016
1.4.1.1.2,0.007330799199364803
1.4.1.1.2.1,0.005696197971701622
1.4.1.1.2.2,0.0027790104504674673
1.4.1.1.2.3,0.004299169406294823
1.4.1.1.2.4,0.008169893212616443
1.4.1.1.2.4.1,0.0049456615233793855
1.4.1.1.2.4.2,0.007892929560815295
1.4.1.1.2.4.3,0.0139474393799901
1.4.1.1.3,0.008098562069169087
1.4.1.1.3.1,0.01029700033653241
1.4.1.1.3.2,0.007559347698198897
1.4.1.1.3.3,0.0043226833222433925
1.4.1.1.3.4,0.011111177213024348
1.4.1.1.3.4.1,0.010230716783553362
1.4.1.1.3.4.2,0.02209734544157982
1.4.1.1.3.4.3,0.010035760002210736
1.4.1.1.4,0.007479622504837342
1.4.1.1.4.1,0.008141260294775878
1.4.1.1.4.2,0.00915816678510358
1.4.1.1.4.3,0.004256695508956909
1.4.1.1.4.4,0.00740163273518332
1.4.1.1.4.4.1,0.017595490130285423
1.4.1.1.4.4.2,0.007568712811917067
1.4.1.1.4.4.3,0.007166913842471937
1.4.1.2,0.0070680820277944055
1.4.1.2.1,0.010658472741919535
1.4.1.2.1.1,0.006376235459286433
1.4.1.2.1.2,0.009188937422420298
1.4.1.2.1.3,0.005126605741679668
1.4.1.2.1.4,0.014800106426264392
1.4.1.2.1.4.1,0.05350148198860032
1.4.1.2.1.4.2,0.004435044399892481
1.4.1.2.1.4.3,0.007689647221316894
1.4.1.2.2,0.005530655254066611
1.4.1.2.2.1,0.003419820855085093
1.4.1.2.2.2,0.006891432289893811
1.4.1.2.2.3,0.0100071852405866
1.4.1.2.2.4,0.005891845010531445
1.4.1.2.2.4.1,0.008098872886462645
1.4.1.2.2.4.2,0.005118094365267704
1.4.1.2.2.4.3,0.00809675338678062
1.4.1.2.3,0.004975544974311358
1.4.1.2.3.1,0.004631706406004154
1.4.1.2.3.2,0.006792610976845026
1.4.1.2.3.3,0.016124265268445015
1.4.1.2.3.4,0.005607562069781124
1.4.1.2.3.4.1,0.007250283020160471
1.4.1.2.3.4.2,0.008165896171703935
1.4.1.2.3.4.3,0.004504992572877269
1.4.1.2.4,0.006981901793010734
1.4.1.2.4.1,0.005128163378685713
1.4.1.2.4.2,0.00944533630866896
1.4.1.2.4.3,0.0058853254886344075
1.4.1.2.4.4,0.008048565861267539
1.4.1.2.4.4.1,0.014233973808586597
1.4.1.2.4.4.2,0.006898227613419294
1.4.1.2.4.4.3,0.03505469858646393
1.4.1.3,0.008140393421560857
1.4.1.3.1,0.005272317379599482
1.4.1.3.1.1,0.007677438416673492
1.4.1.3.1.2,0.00933067500591278
1.4.1.3.1.3,0.005573248025029898
1.4.1.3.1.4,0.005206635428799523
1.4.1.3.1.4.1,0.013717710971832275
1.4.1.3.1.4.2,0.004224157623516826
1.4.1.3.1.4.3,0.0038288120860950304
1.4.1.3.2,0.01057840334251523
1.4.1.3.2.1,0.012782491743564606
1.4.1.3.2.2,0.017620541155338287
1.4.1.3.2.3,0.009879183024168015
1.4.1.3.2.4,0.010701830069032999
1.4.1.3.2.4.1,0.007213181117549539
1.4.1.3.2.4.2,0.013274611672386527
1.4.1.3.2.4.3,0.018542883917689323
1.4.1.3.3,0.006295751163955121
1.4.1.3.3.1,0.012343794107437134
1.4.1.3.3.2,0.0065958036575466394
1.4.1.3.3.3,0.012766807378890613
1.4.1.3.3.4,0.004863478138577193
1.4.1.3.3.4.1,0.005279212646807234
1.4.1.3.3.4.2,0.007445677649229765
1.4.1.3.3.4.3,0.006737669597246817
1.4.1.3.4,0.011600652688436887
1.4.1.3.4.1,0.009818433783948421
1.4.1.3.4.2,0.014084218668618373
1.4.1.3.4.3,0.002776183420792222
1.4.1.3.4.4,0.012318234978010878
1.4.1.3.4.4.1,0.01240791310556233
1.4.1.3.4.4.2,0.008740870049223304
1.4.1.3.4.4.3,0.0152502694566335
1.4.1.4,0.007156206883157149
1.4.1.4.1,0.006978158043908342
1.4.1.4.1.1,0.008933348076728484
1.4.1.4.1.2,0.007880382239818573
1.4.1.4.1.3,0.007581524318084121
1.4.1.4.1.4,0.006883111521319458
1.4.1.4.1.4.1,0.005489389722545941
1.4.1.4.1.4.2,0.0034185485878529456
1.4.1.4.1.4.3,0.011518808480884348
1.4.1.4.2,0.007340812071395869
1.4.1.4.2.1,0.00440097926184535
1.4.1.4.2.2,0.009903784841299057
1.4.1.4.2.3,0.007216348875469218
1.4.1.4.2.4,0.011918232776224613
1.4.1.4.2.4.1,0.014096611179411411
1.4.1.4.2.4.2,0.009489992633461952
1.4.1.4.2.4.3,0.015262892469763756
1.4.1.4.3,0.006788225666815906
1.4.1.4.3.1,0.004815698995326574
1.4.1.4.3.2,0.006330804472478728
1.4.1.4.3.3,0.012153162698571881
1.4.1.4.3.4,0.008833716250956058
1.4.1.4.3.4.1,0.015615235175937414
1.4.1.4.3.4.2,0.009478576093291243
1.4.1.4.3.4.3,0.0046645135959037225
1.4.1.4.4,0.007084080359375436
1.4.1.4.4.1,0.005836812206185781
1.4.1.4.4.1.1,0.00486835316181756
1.4.1.4.4.1.2,0.0068972473964095116
1.4.1.4.4.2,0.012869438622146845
1.4.1.4.4.2.1,0.015735038090497255
1.4.1.4.4.2.2,0.014328901888802648
1.4.1.4.4.3,0.009458198408155065
1.4.1.4.4.3.1,0.00769369670888409
1.4.1.4.4.3.2,0.01110649441501924
1.4.1.4.4.4,0.003180121338960749
1.4.1.4.4.4.1,0.005387353245168924
1.4.1.4.4.4.2,0.0031790756217490593
1.4.1.4.4.4.3,0.013779622502624989
1.4.2,0.006947524712804457
1.4.2.1,0.006350080556105365
1.4.2.1.1,0.008881826870595865
1.4.2.1.1.1,0.004666824359446764
1.4.2.1.1.2,0.008370005525648594
1.4.2.1.1.3,0.010445959037049703
1.4.2.1.1.4,0.011996912370835031
1.4.2.1.1.4.1,0.009025512301983932
1.4.2.1.1.4.2,0.009803199209272861
1.4.2.1.1.4.3,0.005827546119689941
1.4.2.1.2,0.004549042566213757
1.4.2.1.2.1,0.01847543939948082
1.4.2.1.2.2,0.007464914117008448
1.4.2.1.2.3,0.008869016543030739
1.4.2.1.2.4,0.005600945957537208
1.4.2.1.2.4.1,0.004910881443020816
1.4.2.1.2.4.2,0.016418687999248505
1.4.2.1.2.4.3,0.0027755731716752052
1.4.2.1.3,0.005274030643081522
1.4.2.1.3.1,0.012046358880719968
1.4.2.1.3.2,0.008788110921159387
1.4.2.1.3.3,0.0120110297575593
1.4.2.1.3.4,0.0053042752902869505
1.4.2.1.3.4.1,0.006326921811520706
1.4.2.1.3.4.2,0.006846018461510539
1.4.2.1.3.4.3,0.010675997606345586
1.4.2.1.4,0.0055806946606905
1.4.2.1.4.1,0.00610903580673039
1.4.2.1.4.2,0.006231256675136347
1.4.2.1.4.3,0.003711993806064129
1.4.2.1.4.4,0.010367386616193332
1.4.2.1.4.4.1,0.04219319671392441
1.4.2.1.4.4.2,0.011454708641394973
1.4.2.1.4.4.3,0.009399086430979272
1.4.2.2,0.007824963577585215
1.4.2.2.1,0.00983168079983443
1.4.2.2.1.1,0.009461970906704665
1.4.2.2.1.2,0.010338131338357925
1.4.2.2.1.3,0.008241632487624884
1.4.2.2.1.4,0.010128070098849444
1.4.2.2.1.4.1,0.020470728166401386
1.4.2.2.1.4.2,0.014280748864014944
1.4.2.2.1.4.3,0.00954032429893102
1.4.2.2.2,0.009554643973546184
1.4.2.2.2.1,0.01673458263810192
1.4.2.2.2.2,0.005525561049580574
1.4.2.2.2.3,0.007367721293121576
1.4.2.2.2.4,0.0084069632659001
1.4.2.2.2.4.1,0.017940986901521683
1.4.2.2.2.4.2,0.00954192504286766
1.4.2.2.2.4.3,0.006212463100942282
1.4.2.2.3,0.007970744221838135
1.4.2.2.3.1,0.004875516518950462
1.4.2.2.3.2,0.010075201280415058
1.4.2.2.3.3,0.01063663578991379
1.4.2.2.3.4,0.00599680476538513
1.4.2.2.3.4.1,0.008428454026579857
1.4.2.2.3.4.2,0.0049190138233825564
1.4.2.2.3.4.3,0.009680860326625407
1.4.2.2.4,0.004680230598231512
1.4.2.2.4.1,0.08126568794250488
1.4.2.2.4.2,0.005599679049247732
1.4.2.2.4.3,0.00779605470597744
1.4.2.2.4.4,0.003932626078104866
1.4.2.2.4.4.1,0.026231084018945694
1.4.2.2.4.4.2,0.00352542929781171
1.4.2.2.4.4.3,0.004746138583868742
1.4.2.3,0.006782673123719481
1.4.2.3.1,0.0074237829937440596
1.4.2.3.1.1,0.008905862591096334
1.4.2.3.1.2,0.008186567861300249
1.4.2.3.1.3,0.006900482345372438
1.4.2.3.1.4,0.005889841134194285
1.4.2.3.1.4.1,0.010428179986774921
1.4.2.3.1.4.2,0.007101863456357803
1.4.2.3.1.4.3,0.005556979139025013
1.4.2.3.2,0.007424288222359287
1.4.2.3.2.1,0.0071597956120967865
1.4.2.3.2.2,0.008948824368417263
1.4.2.3.2.3,0.007226734111706416
1.4.2.3.2.4,0.00511864572763443
1.4.2.3.2.4.1,0.005265550222247839
1.4.2.3.2.4.2,0.011405225843191147
1.4.2.3.2.4.3,0.004967088811099529
1.4.2.3.3,0.005786404714656427
1.4.2.3.3.1,0.005842594429850578
1.4.2.3.3.2,0.012278184294700623
1.4.2.3.3.3,0.005425246044372519
1.4.2.3.3.4,0.00666659559647087
1.4.2.3.3.4.1,0.007354590770167609
1.4.2.3.3.4.2,0.011208630310228238
1.4.2.3.3.4.3,0.0035188860850981795
1.4.2.3.4,0.009102895125662062
1.4.2.3.4.1,0.010630838759243488
1.4.2.3.4.2,0.009706768207252026
1.4.2.3.4.3,0.015197267942130565
1.4.2.3.4.4,0.004627647906697045
1.4.2.3.4.4.1,0.00509954787875441
1.4.2.3.4.4.2,0.006886003538966179
1.4.2.3.4.4.3,0.007810099981725216
1.4.2.4,0.006865154241950222
1.4.2.4.1,0.008862238141438482
1.4.2.4.1.1,0.00636437488719821
1.4.2.4.1.2,0.023297861218452454
1.4.2.4.1.3,0.016569248012577493
1.4.2.4.1.4,0.005557266422935451
1.4.2.4.1.4.1,0.007858406775631011
1.4.2.4.1.4.2,0.002906300127506256
1.4.2.4.1.4.3,0.003837199338401357
1.4.2.4.2,0.005569357420123803
1.4.2.4.2.1,0.008156749619437116
1.4.2.4.2.2,0.00475502829067409
1.4.2.4.2.3,0.004858804284594953
1.4.2.4.2.4,0.008249419633872233
1.4.2.4.2.4.1,0.007832246541511267
1.4.2.4.2.4.2,0.002287019044160843
1.4.2.4.2.4.3,0.0066585359163582325
1.4.2.4.3,0.0069274139489007595
1.4.2.4.3.1,0.006240694783627987
1.4.2.4.3.2,0.014375332091003657
1.4.2.4.3.3,0.0062776138056786016
1.4.2.4.3.4,0.009701294329715893
1.4.2.4.3.4.1,0.008698499628475733
1.4.2.4.3.4.2,0.005925196222960949
1.4.2.4.3.4.3,0.010844672630940164
1.4.2.4.4,0.007175879629018406
1.4.2.4.4.1,0.01013052902583565
1.4.2.4.4.1.1,0.012770374372069324
1.4.2.4.4.1.2,0.006824123207479715
1.4.2.4.4.2,0.006310914941132069
1.4.2.4.4.2.1,0.0072888190431209905
1.4.2.4.4.2.2,0.006758535203213493
1.4.2.4.4.3,0.009244084008969367
1.4.2.4.4.3.1,0.010752934962511063
1.4.2.4.4.3.2,0.00870646582916379
1.4.2.4.4.4,0.005509843155251522
1.4.2.4.4.4.1,0.006337479377786319
1.4.2.4.4.4.2,0.005952378985686944
1.4.2.4.4.4.3,0.008162151090800762
1.4.3,0.010447254371585488
1.4.3.1,0.01322326153666004
1.4.3.1.1,0.008941236333074894
1.4.3.1.1.1,0.00884960568509996
1.4.3.1.1.2,0.005130392248527362
1.4.3.1.1.3,0.005067645106464624
1.4.3.1.1.4,0.014259785014603819
1.4.3.1.1.4.1,0.006135974079370499
1.4.3.1.1.4.2,0.013890598368431841
1.4.3.1.1.4.3,0.014946729720880588
1.4.3.1.2,0.009413059268678938
1.4.3.1.2.1,0.009137033878897246
1.4.3.1.2.2,0.007128676865249872
1.4.3.1.2.3,0.020015174802392722
1.4.3.1.2.4,0.006164644844830036
1.4.3.1.2.4.1,0.006224352400749922
1.4.3.1.2.4.2,0.005556768272072077
1.4.3.1.2.4.3,0.0030071157962083817
1.4.3.1.3,0.005255394893924169
1.4.3.1.3.1,0.005659758023774395
1.4.3.1.3.2,0.007788694463670254
1.4.3.1.3.3,0.0084677848033607
1.4.3.1.3.4,0.004864847196066486
1.4.3.1.3.4.1,0.0033757921773940325
1.4.3.1.3.4.2,0.018032895401120186
1.4.3.1.3.4.3,0.005851663971463075
1.4.3.1.4,0.013594674104145573
1.4.3.1.4.1,0.006453691325573759
1.4.3.1.4.2,0.015877829717546844
1.4.3.1.4.3,0.007789461445833196
1.4.3.1.4.4,0.008795708706158967
1.4.3.1.4.4.1,0.004709792233860264
1.4.3.1.4.4.2,0.016043158248066902
1.4.3.1.4.4.3,0.007457641419023275
1.4.3.2,0.009309664981007583
1.4.3.2.1,0.011789938941112032
1.4.3.2.1.1,0.0048238481394946575
1.4.3.2.1.2,0.001646961085498333
1.4.3.2.1.3,0.022107216374327738
1.4.3.2.1.4,0.010538971720961854
1.4.3.2.1.4.1,0.012410396710038185
1.4.3.2.1.4.2,0.013882403195436512
1.4.3.2.1.4.3,0.00788445251860789
1.4.3.2.2,0.010352255357429386
1.4.3.2.2.1,0.02756705041974783
1.4.3.2.2.2,0.01198739099449345
1.4.3.2.2.3,0.004958054516464472
1.4.3.2.2.4,0.00959081720146868
1.4.3.2.2.4.1,0.014350954443216324
1.4.3.2.2.4.2,0.008088494883850217
1.4.3.2.2.4.3,0.003233765484765172
1.4.3.2.3,0.009925074167817051
1.4.3.2.3.1,0.008689636085182428
1.4.3.2.3.2,0.006661489319715959
1.4.3.2.3.3,0.011649579741060734
1.4.3.2.3.4,0.048997645592316987
1.4.3.2.3.4.1,0.008951590210199357
1.4.3.2.3.4.2,0.08055867534130812
1.4.3.2.3.4.3,0.005758604500442743
1.4.3.2.4,0.008386171874864137
1.4.3.2.4.1,0.004500674119649025
1.4.3.2.4.2,0.016170071437954903
1.4.3.2.4.3,0.01329436432570219
1.4.3.2.4.4,0.00856750599679447
1.4.3.2.4.4.1,0.01297005619853735
1.4.3.2.4.4.2,0.007290446374099702
1.4.3.2.4.4.3,0.007485346752218902
1.4.3.3,0.009054963504063429
1.4.3.3.1,0.007654504031034223
1.4.3.3.1.1,0.008996725082397461
1.4.3.3.1.2,0.008479485288262367
1.4.3.3.1.3,0.012204423919320107
1.4.3.3.1.4,0.006971728974559273
1.4.3.3.1.4.1,0.0054104440690328675
1.4.3.3.1.4.2,0.006454691881887042
1.4.3.3.1.4.3,0.010463581420481205
1.4.3.3.2,0.010665343850492857
1.4.3.3.2.1,0.03072156310081482
1.4.3.3.2.2,0.0152082492907842
1.4.3.3.2.3,0.004635505091685515
1.4.3.3.2.4,0.005747899180278182
1.4.3.3.2.4.1,0.00357647892087698
1.4.3.3.2.4.2,0.004881824366748333
1.4.3.3.2.4.3,0.005612543318420649
1.4.3.3.3,0.008594572249421617
1.4.3.3.3.1,0.00664373068138957
1.4.3.3.3.2,0.004968650639057159
1.4.3.3.3.3,0.02358964029699564
1.4.3.3.3.4,0.006781385530932591
1.4.3.3.3.4.1,0.012925922870635986
1.4.3.3.3.4.2,0.029525086283683777
1.4.3.3.3.4.3,0.007860224732818702
1.4.3.3.4,0.008162935645563573
1.4.3.3.4.1,0.006216851295903325
1.4.3.3.4.2,0.005469098982687753
1.4.3.3.4.3,0.009168419055640697
1.4.3.3.4.4,0.009389556645848124
1.4.3.3.4.4.1,0.0058712707832455635
1.4.3.3.4.4.2,0.008125940814756582
1.4.3.3.4.4.3,0.008430413086898625
1.4.3.4,0.008597046429159767
1.4.3.4.1,0.005925501549306015
1.4.3.4.1.1,0.007306352257728577
1.4.3.4.1.2,0.028490379452705383
1.4.3.4.1.3,0.027013675309717655
1.4.3.4.1.4,0.004896771476174204
1.4.3.4.1.4.1,0.00428941584407137
1.4.3.4.1.4.2,0.004772589577791782
1.4.3.4.1.4.3,0.011051423847675323
1.4.3.4.2,0.00775289200885477
1.4.3.4.2.1,0.007690043770708144
1.4.3.4.2.2,0.011682684160768985
1.4.3.4.2.3,0.011105257818209273
1.4.3.4.2.4,0.007790626463247463
1.4.3.4.2.4.1,0.008734083082526923
1.4.3.4.2.4.2,0.006251270145488282
1.4.3.4.2.4.3,0.00976847690374901
1.4.3.4.3,0.006587825776077807
1.4.3.4.3.1,0.010550456121563911
1.4.3.4.3.2,0.005703069699498324
1.4.3.4.3.3,0.008035583421587944
1.4.3.4.3.4,0.008761847561055964
1.4.3.4.3.4.1,0.007288547698408365
1.4.3.4.3.4.2,0.012070960365235806
1.4.3.4.3.4.3,0.009815604286268353
1.4.3.4.4,0.013179622575520508
1.4.3.4.4.1,0.013897914749880632
1.4.3.4.4.1.1,0.0021007813047617674
1.4.3.4.4.1.2,0.013342604227364063
1.4.3.4.4.2,0.01086532836779952
1.4.3.4.4.2.1,0.008793734945356846
1.4.3.4.4.2.2,0.010973483479271332
1.4.3.4.4.3,0.018794253801128695
1.4.3.4.4.3.1,0.02728642973427971
1.4.3.4.4.3.2,0.009096280405563968
1.4.3.4.4.4,0.0064129699021577835
1.4.3.4.4.4.1,0.005900380201637745
1.4.3.4.4.4.2,0.008425586856901646
1.4.3.4.4.4.3,0.017362911254167557
1.4.4,0.008102374238391908
1.4.4.1,0.006739128098898517
1.4.4.1.1,0.006327819540664288
1.4.4.1.1.1,0.010470987297594547
1.4.4.1.1.2,0.006513620804374416
1.4.4.1.1.3,0.005176314618438482
1.4.4.1.1.4,0.006843688908875698
1.4.4.1.1.4.1,0.00865920287157808
1.4.4.1.1.4.2,0.006146336944463353
1.4.4.1.1.4.3,0.0055417087860405445
1.4.4.1.2,0.008155044728928074
1.4.4.1.2.1,0.00822710245847702
1.4.4.1.2.2,0.00425859831739217
1.4.4.1.2.3,0.004473767117955363
1.4.4.1.2.4,0.010651275368096928
1.4.4.1.2.4.1,0.006007486488670111
1.4.4.1.2.4.2,0.008566878736019135
1.4.4.1.2.4.3,0.008735289802078251
1.4.4.1.3,0.00525546684685117
1.4.4.1.3.1,0.020543359220027924
1.4.4.1.3.2,0.0051007963036401914
1.4.4.1.3.3,0.003949832368212251
1.4.4.1.3.4,0.006345925331264338
1.4.4.1.3.4.1,0.006539452821016312
1.4.4.1.3.4.2,0.006491383071988821
1.4.4.1.3.4.3,0.006259887039524746
1.4.4.1.4,0.006735255124558713
1.4.4.1.4.1,0.01206517219543457
1.4.4.1.4.2,0.02188524218010051
1.4.4.1.4.3,0.004952576879242604
1.4.4.1.4.4,0.00497622913380544
1.4.4.1.4.4.1,0.003977258710867979
1.4.4.1.4.4.2,0.0030048983350682715
1.4.4.1.4.4.3,0.010813965369015932
1.4.4.1.4.4.4,0.007528664544224739
1.4.4.2,0.009497652023889904
1.4.4.2.1,0.010390301700681448
1.4.4.2.1.1,0.006775082089006901
1.4.4.2.1.2,0.013190381228923798
1.4.4.2.1.3,0.007644148543477058
1.4.4.2.1.4,0.010815014131367207
1.4.4.2.1.4.1,0.011679735189924637
1.4.4.2.1.4.2,0.009546044282615185
1.4.4.2.1.4.3,0.005733691155910492
1.4.4.2.2,0.009815082412153002
1.4.4.2.2.1,0.00352607868038691
1.4.4.2.2.2,0.009060301817953587
1.4.4.2.2.3,0.02185557596385479
1.4.4.2.2.4,0.015632267342880368
1.4.4.2.2.4.1,0.013807832263410091
1.4.4.2.2.4.2,0.012289267033338547
1.4.4.2.2.4.3,0.01741511095315218
1.4.4.2.3,0.0065451101188293915
1.4.4.2.3.1,0.005561286422352378
1.4.4.2.3.2,0.009622731246054173
1.4.4.2.3.3,0.020133331418037415
1.4.4.2.3.4,0.007528886055717101
1.4.4.2.3.4.1,0.0120206568390131
1.4.4.2.3.4.2,0.016706161201000214
1.4.4.2.3.4.3,0.007038924843072891
1.4.4.2.4,0.010532406044446609
1.4.4.2.4.1,0.005127295117395429
1.4.4.2.4.2,0.007303842498610417
1.4.4.2.4.3,0.01734771051754554
1.4.4.2.4.4,0.012554323224447154
1.4.4.2.4.4.1,0.027555170069847788
1.4.4.2.4.4.2,0.01409486707832132
1.4.4.2.4.4.3,0.004588552284985781
1.4.4.2.4.4.4,0.005808895167249899
1.4.4.3,0.008608522441487335
1.4.4.3.1,0.0087085590584556
1.4.4.3.1.1,0.010784709826111794
1.4.4.3.1.2,0.003988575602236848
1.4.4.3.1.3,0.014545272358439186
1.4.4.3.1.4,0.010552880221179553
1.4.4.3.1.4.1,0.006269590463489294
1.4.4.3.1.4.2,0.0051987189799547195
1.4.4.3.1.4.3,0.013418109342455863
1.4.4.3.2,0.007105502251281657
1.4.4.3.2.1,0.006027539512918641
1.4.4.3.2.2,0.0030751191079616547
1.4.4.3.2.3,0.010647272691130638
1.4.4.3.2.4,0.007786272608331944
1.4.4.3.2.4.1,0.0052592987776733935
1.4.4.3.2.4.2,0.006617499437804024
1.4.4.3.2.4.3,0.007343836138874943
1.4.4.3.3,0.011862376670739272
1.4.4.3.3.1,0.006832757033407688
1.4.4.3.3.2,0.024510043939309462
1.4.4.3.3.3,0.011159510684332677
1.4.4.3.3.4,0.012786237964112507
1.4.4.3.3.4.1,0.008063514096041521
1.4.4.3.3.4.2,0.018942896941942827
1.4.4.3.3.4.3,0.007270227652043104
1.4.4.3.4,0.00716020856925752
1.4.4.3.4.1,0.009538646787405014
1.4.4.3.4.2,0.010492268736318996
1.4.4.3.4.3,0.007183203939348459
1.4.4.3.4.4,0.006540377900280335
1.4.4.3.4.4.1,0.009473169974696178
1.4.4.3.4.4.2,0.012285739183425903
1.4.4.3.4.4.3,0.004096154463835633
1.4.4.3.4.4.4,0.009786480106413364
1.4.4.4,0.00900279307638162
1.4.4.4.1,0.011654825182631612
1.4.4.4.1.1,0.008805977529846132
1.4.4.4.1.2,0.0037858677096664906
1.4.4.4.1.3,0.021659380057826638
1.4.4.4.1.4,0.011464995456238587
1.4.4.4.1.4.1,0.008112835697829723
1.4.4.4.1.4.2,0.010804340110293456
1.4.4.4.1.4.3,0.012103297282010317
1.4.4.4.2,0.009367198337401662
1.4.4.4.2.1,0.014878438652626105
1.4.4.4.2.2,0.008520085636215905
1.4.4.4.2.3,0.007865642197430134
1.4.4.4.2.4,0.010895472415722907
1.4.4.4.2.4.1,0.011157299430730442
1.4.4.4.2.4.2,0.007918648288718291
1.4.4.4.2.4.3,0.014166932553052902
1.4.4.4.3,0.010585221471264958
1.4.4.4.3.1,0.008540915045887231
1.4.4.4.3.2,0.032485875844334565
1.4.4.4.3.3,0.009177478961646557
1.4.4.4.3.4,0.007048646577459294
1.4.4.4.3.4.1,0.025098609179258345
1.4.4.4.3.4.2,0.00480729928956582
1.4.4.4.3.4.3,0.004495118413335429
1.4.4.4.4,0.006044735302243175
1.4.4.4.4.1,0.006049932434076541
1.4.4.4.4.1.1,0.008135712007060647
1.4.4.4.4.1.2,0.0051035409948478145
1.4.4.4.4.2,0.00464083778206259
1.4.4.4.4.2.1,0.005764179540654788
1.4.4.4.4.2.2,0.0047083054893077
1.4.4.4.4.3,0.006370447705396348
1.4.4.4.4.3.1,0.004063101718202233
1.4.4.4.4.3.2,0.009119338821619749
1.4.4.4.4.4,0.009295116486027837
1.4.4.4.4.4.1,0.006071389545328342
1.4.4.4.4.4.2,0.016202599089592696
1.4.4.4.4.4.3,0.011636452084141118
