1.1,0.009411759210540705
1.2,0.009179367268127743
1.3,0.009105258344450987
1.4,0.008703093489425221
1.1.1,0.009226207878662466
1.1.2,0.009957412760755572
1.1.3,0.009610978374773784
1.1.4,0.008279432194416608
1.2.1,0.0077187233073682075
1.2.2,0.010367815344701783
1.2.3,0.009575250799664758
1.2.4,0.00959460439418663
1.3.1,0.011965400600292338
1.3.2,0.007130909793293294
1.3.3,0.008263199089450137
1.3.4,0.008163805280311754
1.4.1,0.007638440039587281
1.4.2,0.006737458433686085
1.4.3,0.010650695592939671
1.4.4,0.008339437909203414
1.1.1.1,0.011464822334500979
1.1.1.2,0.008013845277060175
1.1.1.3,0.008450238327246293
1.1.1.4,0.00990689101430083
1.1.2.1,0.013299289650729344
1.1.2.2,0.008764034222986083
1.1.2.3,0.008577914773486555
1.1.2.4,0.009551475645138016
1.1.3.1,0.006181946993094527
1.1.3.2,0.01271127361639469
1.1.3.3,0.008637113296791506
1.1.3.4,0.010287043702483959
1.1.4.1,0.007707175548763617
1.1.4.2,0.007236002529464145
1.1.4.3,0.009344045662775314
1.1.4.4,0.00813590353695995
1.2.1.1,0.006365247226764021
1.2.1.2,0.007702860836033824
1.2.1.3,0.00872802476797062
1.2.1.4,0.0075091007171207685
1.2.2.1,0.006572968393424893
1.2.2.2,0.008513183673095032
1.2.2.3,0.014029097361890975
1.2.2.4,0.006672470016989489
1.2.3.1,0.008068163879215717
1.2.3.2,0.0107399584784728
1.2.3.3,0.008182664189742818
1.2.3.4,0.00810870884662582
1.2.4.1,0.006326660957578023
1.2.4.2,0.010507441589909764
1.2.4.3,0.010807053937503868
1.2.4.4,0.0066331934353635125
1.3.1.1,0.011431140825649899
1.3.1.2,0.01713303329654825
1.3.1.3,0.009120964361513653
1.3.1.4,0.007835326797746045
1.3.2.1,0.009274055060720252
1.3.2.2,0.007264812294306466
1.3.2.3,0.006561766620672477
1.3.2.4,0.006345896814579006
1.3.3.1,0.009388864101606654
1.3.3.2,0.007619389628087157
1.3.3.3,0.008034047061264676
1.3.3.4,0.006316240996686527
1.3.4.1,0.008364128684832502
1.3.4.2,0.007086201639093017
1.3.4.3,0.009469526297689532
1.3.4.4,0.008123838293831795
1.4.1.1,0.007751056441968592
1.4.1.2,0.006943893818915136
1.4.1.3,0.008691054569827694
1.4.1.4,0.00717543288986626
1.4.2.1,0.005909558357221908
1.4.2.2,0.007950056447750993
1.4.2.3,0.00679170289367903
1.4.2.4,0.006977772354957779
1.4.3.1,0.013392714143884269
1.4.3.2,0.00938666179514377
1.4.3.3,0.009110415049253657
1.4.3.4,0.008262012390912498
1.4.4.1,0.007014200613396322
1.4.4.2,0.009628907083389314
1.4.4.3,0.0084100712174468
1.4.4.4,0.008861555544925587
1.1.1.1.1,0.015490986471137913
1.1.1.1.2,0.006467089677850406
1.1.1.1.3,0.010439725759040033
1.1.1.1.4,0.009269265918992459
1.1.1.2.1,0.004865836856576304
1.1.1.2.2,0.0074221694933088575
1.1.1.2.3,0.0076034720621856984
1.1.1.2.4,0.01265740392880295
1.1.1.3.1,0.010767726905344586
1.1.1.3.2,0.008372209224573992
1.1.1.3.3,0.005734299413712793
1.1.1.3.4,0.00829890338073094
1.1.1.4.1,0.016374798993078563
1.1.1.4.2,0.007220268578289057
1.1.1.4.3,0.015199466078574288
1.1.1.4.4,0.008957901804404722
1.1.2.1.1,0.00742299511583279
1.1.2.1.2,0.011925752802441517
1.1.2.1.3,0.012601443332737194
1.1.2.1.4,0.01759087752398788
1.1.2.2.1,0.009157335114946891
1.1.2.2.2,0.008605187024491338
1.1.2.2.3,0.008540038206847385
1.1.2.2.4,0.006614427121045689
1.1.2.3.1,0.00835278572825094
1.1.2.3.2,0.007116591492804754
1.1.2.3.3,0.009477837830876969
1.1.2.3.4,0.008931643662175961
1.1.2.4.1,0.007017940206898619
1.1.2.4.2,0.009605205457450614
1.1.2.4.3,0.010721593081301446
1.1.2.4.4,0.009249110616286072
1.1.3.1.1,0.004832041574726728
1.1.3.1.2,0.005267751942222618
1.1.3.1.3,0.008091275184794897
1.1.3.1.4,0.010580672757563794
1.1.3.2.1,0.0067431137835302826
1.1.3.2.2,0.011694797244854272
1.1.3.2.3,0.014264748743969059
1.1.3.2.4,0.006540988729934075
1.1.3.3.1,0.010224438857478209
1.1.3.3.2,0.012718189868610352
1.1.3.3.3,0.0079397292847329
1.1.3.3.4,0.006300448737959615
1.1.3.4.1,0.004198868392610594
1.1.3.4.2,0.012680531137933333
1.1.3.4.3,0.007516176759963855
1.1.3.4.4,0.012204949187112079
1.1.4.1.1,0.008197803565329223
1.1.4.1.2,0.010353538989355522
1.1.4.1.3,0.007260444970499422
1.1.4.1.4,0.007976678277676305
1.1.4.2.1,0.006151843183574134
1.1.4.2.2,0.008687015326109295
1.1.4.2.3,0.00851005298847502
1.1.4.2.4,0.007346685485182596
1.1.4.3.1,0.01462499723183336
1.1.4.3.2,0.009361708423941685
1.1.4.3.3,0.01012312452276719
1.1.4.3.4,0.006315109675051644
1.1.4.4.1,0.00948353575409523
1.1.4.4.2,0.004681654063015416
1.1.4.4.3,0.006762872602062211
1.1.4.4.4,0.01227283713200854
1.2.1.1.1,0.011849144753516437
1.2.1.1.2,0.006724248325022367
1.2.1.1.3,0.004881343714242696
1.2.1.1.4,0.005391281913034618
1.2.1.2.1,0.007158597150313047
1.2.1.2.2,0.007694450887025927
1.2.1.2.3,0.009305358384153806
1.2.1.2.4,0.007585523957562334
1.2.1.3.1,0.0076188493378298435
1.2.1.3.2,0.005807333311100525
1.2.1.3.3,0.006549974761741317
1.2.1.3.4,0.011078692235498708
1.2.1.4.1,0.00752091369676319
1.2.1.4.2,0.005173639897965704
1.2.1.4.3,0.00763312202789599
1.2.1.4.4,0.008155939706955991
1.2.2.1.1,0.007705470403799644
1.2.2.1.2,0.007123934760640718
1.2.2.1.3,0.005732441636999803
1.2.2.1.4,0.005583150250672856
1.2.2.2.1,0.008935241745068477
1.2.2.2.2,0.010559133347123861
1.2.2.2.3,0.005129011083595656
1.2.2.2.4,0.009505410410576698
1.2.2.3.1,0.007891838438808918
1.2.2.3.2,0.02008749525256381
1.2.2.3.3,0.010226944594510965
1.2.2.3.4,0.008439082502295135
1.2.2.4.1,0.005671890420016161
1.2.2.4.2,0.006226898905070912
1.2.2.4.3,0.0067707983594711705
1.2.2.4.4,0.007568060580965583
1.2.3.1.1,0.006690373482263606
1.2.3.1.2,0.007924025767030851
1.2.3.1.3,0.0087723618853488
1.2.3.1.4,0.0068903935687809155
1.2.3.2.1,0.009522189950927141
1.2.3.2.2,0.007943675689734463
1.2.3.2.3,0.011943152942293292
1.2.3.2.4,0.013452182428385967
1.2.3.3.1,0.005837880823362086
1.2.3.3.2,0.011755787141564292
1.2.3.3.3,0.007709264849489998
1.2.3.3.4,0.007671966538603963
1.2.3.4.1,0.006519381281768166
1.2.3.4.2,0.007939302301538569
1.2.3.4.3,0.008428480868349738
1.2.3.4.4,0.00861593005499123
1.2.4.1.1,0.009284171569896372
1.2.4.1.2,0.006352802118568053
1.2.4.1.3,0.0071210313419049435
1.2.4.1.4,0.005964569185021079
1.2.4.2.1,0.006590919054456447
1.2.4.2.2,0.008740558176103867
1.2.4.2.3,0.005755375612175047
1.2.4.2.4,0.011631000588094558
1.2.4.3.1,0.007619891879287144
1.2.4.3.2,0.007094299126252094
1.2.4.3.3,0.014288634425164858
1.2.4.3.4,0.011357234495662852
1.2.4.4.1,0.006113273633939282
1.2.4.4.2,0.006446776445955038
1.2.4.4.3,0.007156590741942637
1.2.4.4.4,0.005967832122802396
1.3.1.1.1,0.012464802424713015
1.3.1.1.2,0.011499148240545765
1.3.1.1.3,0.006824701032398835
1.3.1.1.4,0.008461998441877465
1.3.1.2.1,0.02441781031701601
1.3.1.2.2,0.010453426858036442
1.3.1.2.3,0.008333837888371873
1.3.1.2.4,0.007832016627718177
1.3.1.3.1,0.009026468458305436
1.3.1.3.2,0.006257981285811043
1.3.1.3.3,0.01037325673307493
1.3.1.3.4,0.008582758622381973
1.3.1.4.1,0.00851327014825074
1.3.1.4.2,0.011613425803025839
1.3.1.4.3,0.005302443450211354
1.3.1.4.4,0.005209466152414048
1.3.2.1.1,0.007329631371483687
1.3.2.1.2,0.010485867133226108
1.3.2.1.3,0.007146311167161912
1.3.2.1.4,0.01009749168337419
1.3.2.2.1,0.0074042602352340494
1.3.2.2.2,0.00899358156020753
1.3.2.2.3,0.007051913076013859
1.3.2.2.4,0.005204174280687071
1.3.2.3.1,0.009389538910824719
1.3.2.3.2,0.005822603500505187
1.3.2.3.3,0.008393928373345372
1.3.2.3.4,0.006382533411765607
1.3.2.4.1,0.007326306797040161
1.3.2.4.2,0.011144722337261416
1.3.2.4.3,0.00516954400150464
1.3.2.4.4,0.008409113795947163
1.3.3.1.1,0.008719403210143821
1.3.3.1.2,0.008367292204638943
1.3.3.1.3,0.009020947656371509
1.3.3.1.4,0.009351656766069171
1.3.3.2.1,0.006378024924410189
1.3.3.2.2,0.0070029948255978525
1.3.3.2.3,0.0075407321315391785
1.3.3.2.4,0.0078528582005564
1.3.3.3.1,0.0074797214280503494
1.3.3.3.2,0.009104581472153464
1.3.3.3.3,0.00625431429623859
1.3.3.3.4,0.00972497441990558
1.3.3.4.1,0.004604768371791579
1.3.3.4.2,0.010409267602215817
1.3.3.4.3,0.007097059120000763
1.3.3.4.4,0.0055366644319385675
1.3.4.1.1,0.008880257024429739
1.3.4.1.2,0.00697797524838871
1.3.4.1.3,0.009181240904144943
1.3.4.1.4,0.007737811521052363
1.3.4.2.1,0.007854555190230409
1.3.4.2.2,0.005493738031069623
1.3.4.2.3,0.007100135179688082
1.3.4.2.4,0.007336816027565228
1.3.4.3.1,0.006439763059535501
1.3.4.3.2,0.008406875293554836
1.3.4.3.3,0.012973425343420913
1.3.4.3.4,0.007041543154628016
1.3.4.4.1,0.006495531900630643
1.3.4.4.2,0.008280891231558424
1.3.4.4.3,0.005478292720078532
1.3.4.4.4,0.010249308069725916
1.4.1.1.1,0.010004647954095466
1.4.1.1.2,0.006982397676135103
1.4.1.1.3,0.007900922803389953
1.4.1.1.4,0.007425451291561596
1.4.1.2.1,0.010503641323238198
1.4.1.2.2,0.0051463895865405595
1.4.1.2.3,0.004660715196385152
1.4.1.2.4,0.006941163434168777
1.4.1.3.1,0.005600622656368991
1.4.1.3.2,0.011329051448653142
1.4.1.3.3,0.006495295249966576
1.4.1.3.4,0.011677860204751292
1.4.1.4.1,0.007396670980906149
1.4.1.4.2,0.007304675432599403
1.4.1.4.3,0.0070225088366944535
1.4.1.4.4,0.006747403979454547
1.4.2.1.1,0.007614346526989198
1.4.2.1.2,0.004808509714591006
1.4.2.1.3,0.005739641330389893
1.4.2.1.4,0.004845688738133571
1.4.2.2.1,0.009538505808450282
1.4.2.2.2,0.009411228486620214
1.4.2.2.3,0.007644545251616474
1.4.2.2.4,0.004660407521961523
1.4.2.3.1,0.00722984614123295
1.4.2.3.2,0.00693804853492313
1.4.2.3.3,0.005186050844318031
1.4.2.3.4,0.009229429912838068
1.4.2.4.1,0.008519584821586153
1.4.2.4.2,0.005518201660985748
1.4.2.4.3,0.007268140917307043
1.4.2.4.4,0.006969544920915117
1.4.3.1.1,0.009606694005373301
1.4.3.1.2,0.009678375663324482
1.4.3.1.3,0.004934745651994352
1.4.3.1.4,0.0136717318752441
1.4.3.2.1,0.011976697299953388
1.4.3.2.2,0.010957014630548656
1.4.3.2.3,0.010225305322917946
1.4.3.2.4,0.00819876522519717
1.4.3.3.1,0.0071996367780729105
1.4.3.3.2,0.012020101931949075
1.4.3.3.3,0.008590297860791907
1.4.3.3.4,0.008611599173809189
1.4.3.4.1,0.0058893698267638685
1.4.3.4.2,0.007401226451346541
1.4.3.4.3,0.006900327962357551
1.4.3.4.4,0.0139406411457927
1.4.4.1.1,0.006259845973025742
1.4.4.1.2,0.007977549873647235
1.4.4.1.3,0.0052396287623993005
1.4.4.1.4,0.006455478253865651
1.4.4.2.1,0.012530710703382889
1.4.4.2.2,0.00996839096243944
1.4.4.2.3,0.0071881400266041355
1.4.4.2.4,0.01050689235033298
1.4.4.3.1,0.008581834423632638
1.4.4.3.2,0.007818800971532862
1.4.4.3.3,0.011942339657874005
1.4.4.3.4,0.007938202028162778
1.4.4.4.1,0.011143380666480344
1.4.4.4.2,0.009621245453932456
1.4.4.4.3,0.011666584755294024
1.4.4.4.4,0.005851746538084828
1.1.1.1.1.1,0.013924911618232727
1.1.1.1.1.2,0.0030837198719382286
1.1.1.1.1.3,0.007928037084639072
1.1.1.1.1.4,0.015290118368076427
1.1.1.1.2.1,0.008257084526121616
1.1.1.1.2.2,0.003801194950938225
1.1.1.1.2.3,0.007312568370252848
1.1.1.1.2.4,0.0077439406886696815
1.1.1.1.3.1,0.007326231058686972
1.1.1.1.3.2,0.01299003193465372
1.1.1.1.3.3,0.007133323699235916
1.1.1.1.3.4,0.01355350948870182
1.1.1.1.4.1,0.010237164601373175
1.1.1.1.4.2,0.007223530805536679
1.1.1.1.4.3,0.025356356320636615
1.1.1.1.4.4,0.005300361341575072
1.1.1.2.1.1,0.0065829032100737095
1.1.1.2.1.2,0.0026858132422113647
1.1.1.2.1.3,0.007972062565386295
1.1.1.2.1.4,0.0058621477678810294
1.1.1.2.2.1,0.0047849184081244925
1.1.1.2.2.2,0.008773738925810903
1.1.1.2.2.3,0.00802078035970529
1.1.1.2.2.4,0.006179590261756227
1.1.1.2.3.1,0.009797784872353077
1.1.1.2.3.2,0.014764567437980856
1.1.1.2.3.3,0.004168106446741149
1.1.1.2.3.4,0.007600416908971965
1.1.1.2.4.1,0.036075672400849204
1.1.1.2.4.2,0.017945528030395508
1.1.1.2.4.3,0.011963104829192162
1.1.1.2.4.4,0.006063644357849485
1.1.1.3.1.1,0.0036469094920903444
1.1.1.3.1.2,0.013606781139969826
1.1.1.3.1.3,0.0069760512560606
1.1.1.3.1.4,0.010513227071736337
1.1.1.3.2.1,0.0043405905151023315
1.1.1.3.2.2,0.01092981779947877
1.1.1.3.2.3,0.01129545085132122
1.1.1.3.2.4,0.013566982414987352
1.1.1.3.3.1,0.003615864940608541
1.1.1.3.3.2,0.008501122705638409
1.1.1.3.3.3,0.009876884636469185
1.1.1.3.3.4,0.006532932835398242
1.1.1.3.4.1,0.002751070074737072
1.1.1.3.4.2,0.017610972747206688
1.1.1.3.4.3,0.0036656127776950598
1.1.1.3.4.4,0.008824196708356512
1.1.1.4.1.1,0.006536689528729767
1.1.1.4.1.2,0.06856854508320491
1.1.1.4.1.3,0.010594159364700317
1.1.1.4.1.4,0.00727616913186816
1.1.1.4.2.1,0.018606971949338913
1.1.1.4.2.2,0.004093311028555036
1.1.1.4.2.3,0.014153420149038235
1.1.1.4.2.4,0.006133383018260991
1.1.1.4.3.1,0.01859877072274685
1.1.1.4.3.2,0.01342535757326654
1.1.1.4.3.3,0.008368096314370632
1.1.1.4.3.4,0.015346036944538354
1.1.1.4.4.1,0.00961421364142249
1.1.1.4.4.2,0.01313046831637621
1.1.1.4.4.3,0.01231735001783818
1.1.1.4.4.4,0.00719079221598804
1.1.2.1.1.1,0.015476965611534459
1.1.2.1.1.2,0.008344109170138836
1.1.2.1.1.3,0.00359236636163237
1.1.2.1.1.4,0.005480307387188077
1.1.2.1.2.1,0.0056343539617955685
1.1.2.1.2.2,0.009088992141187191
1.1.2.1.2.3,0.005047306884080172
1.1.2.1.2.4,0.01566834594788296
1.1.2.1.3.1,0.013680102121597565
1.1.2.1.3.2,0.006267966201099066
1.1.2.1.3.3,0.010328010855508702
1.1.2.1.3.4,0.013297921454068273
1.1.2.1.4.1,0.007527289410623221
1.1.2.1.4.2,0.046612204828610025
1.1.2.1.4.3,0.011749479686841369
1.1.2.1.4.4,0.012168081477284431
1.1.2.2.1.1,0.008905727416276932
1.1.2.2.1.2,0.012907615086684624
1.1.2.2.1.3,0.007705393579921552
1.1.2.2.1.4,0.008292924121229185
1.1.2.2.2.1,0.00969319065500583
1.1.2.2.2.2,0.01307745570583003
1.1.2.2.2.3,0.013079292761782805
1.1.2.2.2.4,0.0064121971721760925
1.1.2.2.3.1,0.008459577669522591
1.1.2.2.3.2,0.013158693288763365
1.1.2.2.3.3,0.030914162285625935
1.1.2.2.3.4,0.005240266801436143
1.1.2.2.4.1,0.009201467037200928
1.1.2.2.4.2,0.008694123476743698
1.1.2.2.4.3,0.013122860342264175
1.1.2.2.4.4,0.005683035764377564
1.1.2.3.1.1,0.0059655040968209505
1.1.2.3.1.2,0.01265852564635376
1.1.2.3.1.3,0.007879074662923813
1.1.2.3.1.4,0.0086089087356078
1.1.2.3.2.1,0.012110313555846611
1.1.2.3.2.2,0.003279038704931736
1.1.2.3.2.3,0.012211501598358154
1.1.2.3.2.4,0.0070940173956422275
1.1.2.3.3.1,0.007118163630366325
1.1.2.3.3.2,0.0071855331771075726
1.1.2.3.3.3,0.009813606339905943
1.1.2.3.3.4,0.009891155486305555
1.1.2.3.4.1,0.006675747688859701
1.1.2.3.4.2,0.007496016100049019
1.1.2.3.4.3,0.008396229799836874
1.1.2.3.4.4,0.009962603772202363
1.1.2.4.1.1,0.020444117486476898
1.1.2.4.1.2,0.008757644332945347
1.1.2.4.1.3,0.008047331124544144
1.1.2.4.1.4,0.007061292594742207
1.1.2.4.2.1,0.020129320344754627
1.1.2.4.2.2,0.005561141297221184
1.1.2.4.2.3,0.012682233937084675
1.1.2.4.2.4,0.008166020841350497
1.1.2.4.3.1,0.007853387892546674
1.1.2.4.3.2,0.03178565055978569
1.1.2.4.3.3,0.014538798294961453
1.1.2.4.3.4,0.010494256938377826
1.1.2.4.4.1,0.009207645963345255
1.1.2.4.4.2,0.011598727950412367
1.1.2.4.4.3,0.0057877086801454425
1.1.2.4.4.4,0.00971684124893867
1.1.3.1.1.1,0.0036360416203164137
1.1.3.1.1.2,0.006073060678318143
1.1.3.1.1.3,0.00432947842637077
1.1.3.1.1.4,0.005577017480391078
1.1.3.1.2.1,0.009875077288597822
1.1.3.1.2.2,0.003920369815918653
1.1.3.1.2.3,0.008639359458660087
1.1.3.1.2.4,0.00776186496950686
1.1.3.1.3.1,0.009687464839468399
1.1.3.1.3.2,0.00630593579262495
1.1.3.1.3.3,0.007281050435267389
1.1.3.1.3.4,0.008363357748215398
1.1.3.1.4.1,0.01225473964586854
1.1.3.1.4.2,0.006845540250651538
1.1.3.1.4.3,0.016325437284719486
1.1.3.1.4.4,0.007349272591194936
1.1.3.2.1.1,0.007724571440901075
1.1.3.2.1.2,0.00515874467479686
1.1.3.2.1.3,0.005935401578123371
1.1.3.2.1.4,0.007519345905166119
1.1.3.2.2.1,0.004758644383400679
1.1.3.2.2.2,0.008276302018202841
1.1.3.2.2.3,0.008343278430402279
1.1.3.2.2.4,0.012968125819627727
1.1.3.2.3.1,0.013971000599364439
1.1.3.2.3.2,0.026688249719736632
1.1.3.2.3.3,0.008740778158729276
1.1.3.2.3.4,0.005801767243136957
1.1.3.2.4.1,0.00737783731892705
1.1.3.2.4.2,0.006415859330445528
1.1.3.2.4.3,0.0041760727763175964
1.1.3.2.4.4,0.006306098917355904
1.1.3.3.1.1,0.014783469183991352
1.1.3.3.1.2,0.005880795981890212
1.1.3.3.1.3,0.01597872031852603
1.1.3.3.1.4,0.00818205790904661
1.1.3.3.2.1,0.006745750705401103
1.1.3.3.2.2,0.006165278609842062
1.1.3.3.2.3,0.004599407780915499
1.1.3.3.2.4,0.015797135742524497
1.1.3.3.3.1,0.00799391308932432
1.1.3.3.3.2,0.017582574859261513
1.1.3.3.3.3,0.012214044205999622
1.1.3.3.3.4,0.005733324051386892
1.1.3.3.4.1,0.0070982035249471664
1.1.3.3.4.2,0.013096209242939949
1.1.3.3.4.3,0.0024332366973304977
1.1.3.3.4.4,0.006748933112248778
1.1.3.4.1.1,0.0026422088177731405
1.1.3.4.1.2,0.01673508994281292
1.1.3.4.1.3,0.0028427408736509583
1.1.3.4.1.4,0.007966948847752064
1.1.3.4.2.1,0.0056203476851806045
1.1.3.4.2.2,0.016635645180940628
1.1.3.4.2.3,0.007630618289113045
1.1.3.4.2.4,0.017967963724264076
1.1.3.4.3.1,0.01674021314829588
1.1.3.4.3.2,0.011366118676960468
1.1.3.4.3.3,0.00918173577104296
1.1.3.4.3.4,0.00541568031677833
1.1.3.4.4.1,0.004252162126179498
1.1.3.4.4.2,0.011378813348710538
1.1.3.4.4.3,0.009878745247774264
1.1.3.4.4.4,0.013099089423052341
1.1.4.1.1.1,0.007209850533399731
1.1.4.1.1.2,0.008516271598637104
1.1.4.1.1.3,0.016321424550066393
1.1.4.1.1.4,0.005638537337430394
1.1.4.1.2.1,0.013581400411203504
1.1.4.1.2.2,0.006205932702869177
1.1.4.1.2.3,0.011373481340706348
1.1.4.1.2.4,0.006554705090820789
1.1.4.1.3.1,0.01279908325523138
1.1.4.1.3.2,0.006166222970932722
1.1.4.1.3.3,0.009156352700665593
1.1.4.1.3.4,0.007560518570244312
1.1.4.1.4.1,0.005537905904930085
1.1.4.1.4.2,0.009547680849209428
1.1.4.1.4.3,0.004564167252586533
1.1.4.1.4.4,0.008421959732437418
1.1.4.2.1.1,0.0114215649664402
1.1.4.2.1.2,0.01437215650609384
1.1.4.2.1.3,0.007341064449230378
1.1.4.2.1.4,0.005902610393086856
1.1.4.2.2.1,0.012853351111213366
1.1.4.2.2.2,0.00425384909613058
1.1.4.2.2.3,0.009575191885232925
1.1.4.2.2.4,0.010216487795114517
1.1.4.2.3.1,0.006092758186591359
1.1.4.2.3.2,0.01256258754680554
1.1.4.2.3.3,0.008053969591856003
1.1.4.2.3.4,0.00966541044628964
1.1.4.2.4.1,0.011715116755415996
1.1.4.2.4.2,0.009845478327146598
1.1.4.2.4.3,0.0047562174731865525
1.1.4.2.4.4,0.008151670946972445
1.1.4.3.1.1,0.007805263623595238
1.1.4.3.1.2,0.007266901588688294
1.1.4.3.1.3,0.023248389097196714
1.1.4.3.1.4,0.010774704394862056
1.1.4.3.2.1,0.0059181707523142295
1.1.4.3.2.2,0.008436566771229455
1.1.4.3.2.3,0.013967904262244701
1.1.4.3.2.4,0.012241386226378381
1.1.4.3.3.1,0.008522037649527192
1.1.4.3.3.2,0.010842005722224712
1.1.4.3.3.3,0.0106591135263443
1.1.4.3.3.4,0.0112872842582874
1.1.4.3.4.1,0.0046164795639924705
1.1.4.3.4.2,0.006751312408596277
1.1.4.3.4.3,0.009356735274195671
1.1.4.3.4.4,0.006758827196720701
1.1.4.4.1.1,0.017631232738494873
1.1.4.4.1.2,0.00469988093783076
1.1.4.4.1.3,0.012620685808360576
1.1.4.4.1.4,0.011639422795269638
1.1.4.4.2.1,0.008446694041291872
1.1.4.4.2.2,0.00501029329517713
1.1.4.4.2.3,0.0036476455234850827
1.1.4.4.2.4,0.003940102236811072
1.1.4.4.3.1,0.015713319581534182
1.1.4.4.3.2,0.0054430835880339146
1.1.4.4.3.3,0.003781108884140849
1.1.4.4.3.4,0.0063318724474130976
1.1.4.4.4.1,0.01019440394324752
1.1.4.4.4.2,0.01796212699264288
1.1.4.4.4.3,0.028798330575227737
1.1.4.4.4.4,0.004379640705883503
1.2.1.1.1.1,0.01730127267849942
1.2.1.1.1.2,0.019874086913963158
1.2.1.1.1.3,0.004779373062774539
1.2.1.1.1.4,0.010120461596862265
1.2.1.1.2.1,0.018634538787106674
1.2.1.1.2.2,0.005911763485831519
1.2.1.1.2.3,0.004666339238890662
1.2.1.1.2.4,0.005920371103387039
1.2.1.1.3.1,0.0037637024517171084
1.2.1.1.3.2,0.006674421360143102
1.2.1.1.3.3,0.01009344169870019
1.2.1.1.3.4,0.0046032853570068255
1.2.1.1.4.1,0.006085982837248594
1.2.1.1.4.2,0.004535632315449989
1.2.1.1.4.3,0.009067029692232609
1.2.1.1.4.4,0.0055696389079431365
1.2.1.2.1.1,0.005473833334130736
1.2.1.2.1.2,0.012365108666320642
1.2.1.2.1.3,0.009880665689706802
1.2.1.2.1.4,0.0068403355365332505
1.2.1.2.2.1,0.008567629149183631
1.2.1.2.2.2,0.004035847315278191
1.2.1.2.2.3,0.0081239128485322
1.2.1.2.2.4,0.008912380324380303
1.2.1.2.3.1,0.006861920468509197
1.2.1.2.3.2,0.016071352109845196
1.2.1.2.3.3,0.01351461699232459
1.2.1.2.3.4,0.00533115210580743
1.2.1.2.4.1,0.013485318515449762
1.2.1.2.4.2,0.005834300779194261
1.2.1.2.4.3,0.004237354142018235
1.2.1.2.4.4,0.008055101825101744
1.2.1.3.1.1,0.004673380947982271
1.2.1.3.1.2,0.003906063036993146
1.2.1.3.1.3,0.011531483381986618
1.2.1.3.1.4,0.013052254087395139
1.2.1.3.2.1,0.01405542902648449
1.2.1.3.2.2,0.0073487320526813464
1.2.1.3.2.3,0.0056898147918965055
1.2.1.3.2.4,0.004301504263172059
1.2.1.3.3.1,0.004926991555839777
1.2.1.3.3.2,0.005213248077780008
1.2.1.3.3.3,0.016486950606728595
1.2.1.3.3.4,0.005865277789000954
1.2.1.3.4.1,0.005134809471201152
1.2.1.3.4.2,0.009485003538429737
1.2.1.3.4.3,0.00728826872849216
1.2.1.3.4.4,0.012496808420344736
1.2.1.4.1.1,0.00822080451493653
1.2.1.4.1.2,0.01050444901920855
1.2.1.4.1.3,0.011021967744454741
1.2.1.4.1.4,0.006152952913768017
1.2.1.4.2.1,0.004195433665210238
1.2.1.4.2.2,0.004455409457229755
1.2.1.4.2.3,0.004666215449105948
1.2.1.4.2.4,0.008853275387082249
1.2.1.4.3.1,0.005888112626659374
1.2.1.4.3.2,0.004053069744259119
1.2.1.4.3.3,0.018540004268288612
1.2.1.4.3.4,0.012126305672739233
1.2.1.4.4.1,0.007473862509390241
1.2.1.4.4.2,0.00741778507226092
1.2.1.4.4.3,0.00521605433179782
1.2.1.4.4.4,0.00997336996211247
1.2.2.1.1.1,0.010636724531650543
1.2.2.1.1.2,0.008281356655061245
1.2.2.1.1.3,0.006444356016193827
1.2.2.1.1.4,0.008484579777965942
1.2.2.1.2.1,0.008157210696178177
1.2.2.1.2.2,0.00965286884456873
1.2.2.1.2.3,0.013094735265310322
1.2.2.1.2.4,0.005102346947927388
1.2.2.1.3.1,0.0038322568871080875
1.2.2.1.3.2,0.009342129807919264
1.2.2.1.3.3,0.013974666595458984
1.2.2.1.3.4,0.00465290350673188
1.2.2.1.4.1,0.0067018745467066765
1.2.2.1.4.2,0.006167076081813623
1.2.2.1.4.3,0.011624190956354141
1.2.2.1.4.4,0.006041915412060917
1.2.2.2.1.1,0.007324178082247575
1.2.2.2.1.2,0.008344540538798486
1.2.2.2.1.3,0.014363480359315872
1.2.2.2.1.4,0.006490082727934889
1.2.2.2.2.1,0.008149391505867243
1.2.2.2.2.2,0.027775684371590614
1.2.2.2.2.3,0.006081159692257643
1.2.2.2.2.4,0.009905843934773104
1.2.2.2.3.1,0.006028362084180117
1.2.2.2.3.2,0.007929126732051373
1.2.2.2.3.3,0.007020656950771809
1.2.2.2.3.4,0.005549411628661411
1.2.2.2.4.1,0.00920415110886097
1.2.2.2.4.2,0.00605004420503974
1.2.2.2.4.3,0.012182232923805714
1.2.2.2.4.4,0.009695971553634492
1.2.2.3.1.1,0.006811843074571628
1.2.2.3.1.2,0.007101070834323764
1.2.2.3.1.3,0.008821301938345035
1.2.2.3.1.4,0.007694253697991371
1.2.2.3.2.1,0.007158286403864622
1.2.2.3.2.2,0.018771943170577288
1.2.2.3.2.3,0.007482282351702452
1.2.2.3.2.4,0.019941674848337487
1.2.2.3.3.1,0.00816720894848307
1.2.2.3.3.2,0.0495016872882843
1.2.2.3.3.3,0.011724141969655951
1.2.2.3.3.4,0.006947516264127833
1.2.2.3.4.1,0.004622156421343486
1.2.2.3.4.2,0.005888892337679863
1.2.2.3.4.3,0.011583959683775902
1.2.2.3.4.4,0.010102995275862186
1.2.2.4.1.1,0.01223502615466714
1.2.2.4.1.2,0.006498141447082162
1.2.2.4.1.3,0.0032990933395922184
1.2.2.4.1.4,0.006464623496867716
1.2.2.4.2.1,0.011783855967223644
1.2.2.4.2.2,0.012094226233395082
1.2.2.4.2.3,0.010291697457432747
1.2.2.4.2.4,0.004198362379191587
1.2.2.4.3.1,0.0035985484816289195
1.2.2.4.3.2,0.005234020781548073
1.2.2.4.3.3,0.008725755847990513
1.2.2.4.3.4,0.009845888329437003
1.2.2.4.4.1,0.006712747737765312
1.2.2.4.4.2,0.0071154296613083435
1.2.2.4.4.3,0.006986109225545078
1.2.2.4.4.4,0.01121337260477818
1.2.3.1.1.1,0.0063935862854123116
1.2.3.1.1.2,0.008698445744812489
1.2.3.1.1.3,0.011346325278282166
1.2.3.1.1.4,0.005928318249061704
1.2.3.1.2.1,0.008959774859249592
1.2.3.1.2.2,0.01034336443990469
1.2.3.1.2.3,0.004750479478389025
1.2.3.1.2.4,0.006297092370100711
1.2.3.1.3.1,0.01376815838739276
1.2.3.1.3.2,0.011641477700322866
1.2.3.1.3.3,0.008669396489858627
1.2.3.1.3.4,0.008223905768924547
1.2.3.1.4.1,0.007298078387975693
1.2.3.1.4.2,0.004778585105668753
1.2.3.1.4.3,0.012847766280174255
1.2.3.1.4.4,0.008432815565417211
1.2.3.2.1.1,0.01130446046590805
1.2.3.2.1.2,0.011257266160100698
1.2.3.2.1.3,0.007007930796438207
1.2.3.2.1.4,0.009411515381473761
1.2.3.2.2.1,0.004911814462572623
1.2.3.2.2.2,0.0033796364441514015
1.2.3.2.2.3,0.0058040374245208045
1.2.3.2.2.4,0.008448931944042297
1.2.3.2.3.1,0.006319763138890266
1.2.3.2.3.2,0.006647010023395221
1.2.3.2.3.3,0.009636344255081244
1.2.3.2.3.4,0.014302220877912728
1.2.3.2.4.1,0.01927652545273304
1.2.3.2.4.2,0.026871586218476295
1.2.3.2.4.3,0.010190631146542728
1.2.3.2.4.4,0.013398668152235803
1.2.3.3.1.1,0.005580824799835682
1.2.3.3.1.2,0.007087794869827728
1.2.3.3.1.3,0.01140730082988739
1.2.3.3.1.4,0.005485189789584999
1.2.3.3.2.1,0.009438442857176795
1.2.3.3.2.2,0.009469852705175677
1.2.3.3.2.3,0.00405377348458084
1.2.3.3.2.4,0.004073299700394273
1.2.3.3.3.1,0.01141595042177609
1.2.3.3.3.2,0.005599735304713249
1.2.3.3.3.3,0.013250644052667277
1.2.3.3.3.4,0.004745053400536283
1.2.3.3.4.1,0.004547918409419556
1.2.3.3.4.2,0.014112795703113079
1.2.3.3.4.3,0.01166069055242198
1.2.3.3.4.4,0.007834935871263346
1.2.3.4.1.1,0.007993081838569858
1.2.3.4.1.2,0.0073896163608878854
1.2.3.4.1.3,0.008683448424562812
1.2.3.4.1.4,0.004767198180262413
1.2.3.4.2.1,0.009688448948928943
1.2.3.4.2.2,0.007284003734054376
1.2.3.4.2.3,0.011139786685816944
1.2.3.4.2.4,0.003603932830238981
1.2.3.4.3.1,0.008868496865034103
1.2.3.4.3.2,0.0060160113498568535
1.2.3.4.3.3,0.007550891954451799
1.2.3.4.3.4,0.009095942458752062
1.2.3.4.4.1,0.010957471560686827
1.2.3.4.4.2,0.00686327057192102
1.2.3.4.4.3,0.0092163694013531
1.2.3.4.4.4,0.008538649667537323
1.2.4.1.1.1,0.006534470710903406
1.2.4.1.1.2,0.007835396565496922
1.2.4.1.1.3,0.003190810326486826
1.2.4.1.1.4,0.008770506428037252
1.2.4.1.2.1,0.008238103240728378
1.2.4.1.2.2,0.013757675620062011
1.2.4.1.2.3,0.004573844586654256
1.2.4.1.2.4,0.005668714212294182
1.2.4.1.3.1,0.011767592653632164
1.2.4.1.3.2,0.004570876791452368
1.2.4.1.3.3,0.00801980464408795
1.2.4.1.3.4,0.010215079825785425
1.2.4.1.4.1,0.007929880016793808
1.2.4.1.4.2,0.0043697665588786965
1.2.4.1.4.3,0.003738684734950463
1.2.4.1.4.4,0.005893865908496082
1.2.4.2.1.1,0.006289242204123487
1.2.4.2.1.2,0.008200383612087794
1.2.4.2.1.3,0.029057472944259644
1.2.4.2.1.4,0.005896047339774668
1.2.4.2.2.1,0.009544266387820244
1.2.4.2.2.2,0.005841553641053347
1.2.4.2.2.3,0.01221793433651328
1.2.4.2.2.4,0.008704181926857148
1.2.4.2.3.1,0.016311289742588997
1.2.4.2.3.2,0.006094353318286057
1.2.4.2.3.3,0.0032278637921151062
1.2.4.2.3.4,0.007569837317402873
1.2.4.2.4.1,0.004334204733216514
1.2.4.2.4.2,0.006963476896859133
1.2.4.2.4.3,0.007835105151081314
1.2.4.2.4.4,0.01298661492769462
1.2.4.3.1.1,0.015488583594560623
1.2.4.3.1.2,0.009899044342871224
1.2.4.3.1.3,0.004431506153196096
1.2.4.3.1.4,0.007230628262257483
1.2.4.3.2.1,0.006213271032230785
1.2.4.3.2.2,0.015086953528225422
1.2.4.3.2.3,0.010045265778899193
1.2.4.3.2.4,0.004914061565484319
1.2.4.3.3.1,0.010336566589434038
1.2.4.3.3.2,0.005586407796587222
1.2.4.3.3.3,0.0043295593932271
1.2.4.3.3.4,0.01603629504050684
1.2.4.3.4.1,0.0028019710085712946
1.2.4.3.4.2,0.005626244555142793
1.2.4.3.4.3,0.013186493733276924
1.2.4.3.4.4,0.010651535079359854
1.2.4.4.1.1,0.010986636858433485
1.2.4.4.1.2,0.014944099821150303
1.2.4.4.1.3,0.012419717386364937
1.2.4.4.1.4,0.0039379272558208965
1.2.4.4.2.1,0.01213471990610872
1.2.4.4.2.2,0.005528014153242111
1.2.4.4.2.3,0.002217329805716872
1.2.4.4.2.4,0.00573027863776168
1.2.4.4.3.1,0.012230037626895037
1.2.4.4.3.2,0.0038477723092700425
1.2.4.4.3.3,0.008037838153541088
1.2.4.4.3.4,0.006631952356142195
1.2.4.4.4.1,0.005408656604301471
1.2.4.4.4.2,0.006988572364207357
1.2.4.4.4.3,0.009217267124248403
1.2.4.4.4.4,0.005374112032138958
1.3.1.1.1.1,0.003549089189618826
1.3.1.1.1.2,0.0035699807250728975
1.3.1.1.1.3,0.004821371770678804
1.3.1.1.1.4,0.012395301066002517
1.3.1.1.2.1,0.009720641886815429
1.3.1.1.2.2,0.0037035311106592417
1.3.1.1.2.3,0.03955816105008125
1.3.1.1.2.4,0.007397776802203485
1.3.1.1.3.1,0.0027312322233158806
1.3.1.1.3.2,0.006887620314955711
1.3.1.1.3.3,0.010100203566253185
1.3.1.1.3.4,0.014234996737084456
1.3.1.1.4.1,0.025193970650434494
1.3.1.1.4.2,0.005127636104589328
1.3.1.1.4.3,0.008745633997023106
1.3.1.1.4.4,0.010214496264234185
1.3.1.2.1.1,0.02456275250390172
1.3.1.2.1.2,0.018790884342576777
1.3.1.2.1.3,0.007754898630082607
1.3.1.2.1.4,0.009470252323925735
1.3.1.2.2.1,0.009859901530562485
1.3.1.2.2.2,0.015355818372751986
1.3.1.2.2.3,0.008270906439671913
1.3.1.2.2.4,0.027755469549447298
1.3.1.2.3.1,0.006823675706982613
1.3.1.2.3.2,0.009987953611506293
1.3.1.2.3.3,0.013815538957715034
1.3.1.2.3.4,0.007337456884690457
1.3.1.2.4.1,0.006741055520251393
1.3.1.2.4.2,0.007578098215162754
1.3.1.2.4.3,0.011630355380475521
1.3.1.2.4.4,0.006096683656020711
1.3.1.3.1.1,0.007069808860810904
1.3.1.3.1.2,0.0037837233394384384
1.3.1.3.1.3,0.009282351471483707
1.3.1.3.1.4,0.009788282830150041
1.3.1.3.2.1,0.01311767683364451
1.3.1.3.2.2,0.00523700937628746
1.3.1.3.2.3,0.004143387544900179
1.3.1.3.2.4,0.005193656885005053
1.3.1.3.3.1,0.020682900877935544
1.3.1.3.3.2,0.026604766398668288
1.3.1.3.3.3,0.010089377484594783
1.3.1.3.3.4,0.003679380661342293
1.3.1.3.4.1,0.016573697328567505
1.3.1.3.4.2,0.0017662349855527282
1.3.1.3.4.3,0.011058546757946411
1.3.1.3.4.4,0.008485646732151509
1.3.1.4.1.1,0.0029600844270764636
1.3.1.4.1.2,0.00537952712814634
1.3.1.4.1.3,0.007571434155882646
1.3.1.4.1.4,0.009563265532622699
1.3.1.4.2.1,0.01230210904031992
1.3.1.4.2.2,0.006601554807275534
1.3.1.4.2.3,0.028694108314812183
1.3.1.4.2.4,0.006981570988760463
1.3.1.4.3.1,0.004389364272356033
1.3.1.4.3.2,0.006438348916932368
1.3.1.4.3.3,0.00960496161133051
1.3.1.4.3.4,0.004483031317925988
1.3.1.4.4.1,0.008652476593852043
1.3.1.4.4.2,0.003624397205809752
1.3.1.4.4.3,0.00571839505850914
1.3.1.4.4.4,0.005644879736272352
1.3.2.1.1.1,0.0058785793371498585
1.3.2.1.1.2,0.006258900742977858
1.3.2.1.1.3,0.0049761958563557035
1.3.2.1.1.4,0.0112272324887189
1.3.2.1.2.1,0.013235287740826607
1.3.2.1.2.2,0.011006888778259357
1.3.2.1.2.3,0.009229819814208895
1.3.2.1.2.4,0.01270499718375504
1.3.2.1.3.1,0.005481112282723188
1.3.2.1.3.2,0.013043363423397144
1.3.2.1.3.3,0.006532607600092888
1.3.2.1.3.4,0.005976308370009065
1.3.2.1.4.1,0.011944910368094077
1.3.2.1.4.2,0.007865901143910984
1.3.2.1.4.3,0.004707754123955965
1.3.2.1.4.4,0.009194233105517924
1.3.2.2.1.1,0.004528417019173503
1.3.2.2.1.2,0.008316522760486061
1.3.2.2.1.3,0.010005934844509913
1.3.2.2.1.4,0.006879519076870852
1.3.2.2.2.1,0.005253653973340988
1.3.2.2.2.2,0.008104518599187335
1.3.2.2.2.3,0.010827473866251798
1.3.2.2.2.4,0.008383827819488942
1.3.2.2.3.1,0.010261375457048416
1.3.2.2.3.2,0.004144653677940369
1.3.2.2.3.3,0.010934444221978387
1.3.2.2.3.4,0.005734771129209548
1.3.2.2.4.1,0.01365699339658022
1.3.2.2.4.2,0.020535001531243324
1.3.2.2.4.3,0.01465925294905901
1.3.2.2.4.4,0.00493880584690487
1.3.2.3.1.1,0.013122230136234845
1.3.2.3.1.2,0.010832966747693717
1.3.2.3.1.3,0.005414877086877823
1.3.2.3.1.4,0.007158809260505697
1.3.2.3.2.1,0.0059495683914671344
1.3.2.3.2.2,0.0053835236467421055
1.3.2.3.2.3,0.004130547687124748
1.3.2.3.2.4,0.0062416522784835915
1.3.2.3.3.1,0.009602654725313187
1.3.2.3.3.2,0.010805340949445963
1.3.2.3.3.3,0.009844531926016012
1.3.2.3.3.4,0.006850626001036481
1.3.2.3.4.1,0.005838052701483678
1.3.2.3.4.2,0.010384555129955212
1.3.2.3.4.3,0.007243492640554905
1.3.2.3.4.4,0.016643263399600983
1.3.2.4.1.1,0.011143908564311763
1.3.2.4.1.2,0.013302542812501391
1.3.2.4.1.3,0.005642471691736808
1.3.2.4.1.4,0.0057290535057998365
1.3.2.4.2.1,0.014567495711768666
1.3.2.4.2.2,0.008644740097224712
1.3.2.4.2.3,0.008640483021736145
1.3.2.4.2.4,0.004437595673759158
1.3.2.4.3.1,0.004674007847316666
1.3.2.4.3.2,0.006591732800006867
1.3.2.4.3.3,0.004839982371777296
1.3.2.4.3.4,0.007578617398394272
1.3.2.4.4.1,0.006396919502602781
1.3.2.4.4.2,0.006419812596868723
1.3.2.4.4.3,0.027552854890624683
1.3.2.4.4.4,0.007685581017063842
1.3.3.1.1.1,0.06551069021224976
1.3.3.1.1.2,0.003315752313937992
1.3.3.1.1.3,0.009177177193729827
1.3.3.1.1.4,0.010594927992385168
1.3.3.1.2.1,0.008014797233045101
1.3.3.1.2.2,0.009805887006223202
1.3.3.1.2.3,0.007833995538476302
1.3.3.1.2.4,0.010015875931181337
1.3.3.1.3.1,0.006749343825504184
1.3.3.1.3.2,0.016586486995220185
1.3.3.1.3.3,0.006831969528530653
1.3.3.1.3.4,0.008084899897221475
1.3.3.1.4.1,0.0066186106011558036
1.3.3.1.4.2,0.008878765782962242
1.3.3.1.4.3,0.0036780964583158493
1.3.3.1.4.4,0.00998481890974591
1.3.3.2.1.1,0.009561492130160332
1.3.3.2.1.2,0.008126342436298728
1.3.3.2.1.3,0.006163539442544182
1.3.3.2.1.4,0.006019244890748745
1.3.3.2.2.1,0.015236682258546352
1.3.3.2.2.2,0.010540448827669024
1.3.3.2.2.3,0.007645432371646166
1.3.3.2.2.4,0.006350290334711854
1.3.3.2.3.1,0.005664390046149492
1.3.3.2.3.2,0.007991376199892588
1.3.3.2.3.3,0.005725201076039901
1.3.3.2.3.4,0.009826159803196788
1.3.3.2.4.1,0.009131928673014045
1.3.3.2.4.2,0.014128016424365342
1.3.3.2.4.3,0.004072576206034193
1.3.3.2.4.4,0.009410342356810967
1.3.3.3.1.1,0.00890960544347763
1.3.3.3.1.2,0.008030762895941734
1.3.3.3.1.3,0.006952516171926011
1.3.3.3.1.4,0.007667854514071031
1.3.3.3.2.1,0.009745365607419185
1.3.3.3.2.2,0.013882258906960487
1.3.3.3.2.3,0.007773568853735924
1.3.3.3.2.4,0.008471963927149773
1.3.3.3.3.1,0.004902813959723482
1.3.3.3.3.2,0.005413029808551073
1.3.3.3.3.3,0.003146262839436531
1.3.3.3.3.4,0.006929950182786663
1.3.3.3.4.1,0.013096003399158899
1.3.3.3.4.2,0.004825193725991994
1.3.3.3.4.3,0.005489002913236618
1.3.3.3.4.4,0.009165142833043923
1.3.3.4.1.1,0.006566248368471861
1.3.3.4.1.2,0.00846116803586483
1.3.3.4.1.3,0.01538139022886753
1.3.3.4.1.4,0.004994012066163123
1.3.3.4.2.1,0.01122196058609656
1.3.3.4.2.2,0.003645598655566573
1.3.3.4.2.3,0.008331592875317885
1.3.3.4.2.4,0.01227765674947908
1.3.3.4.3.1,0.009477357535312573
1.3.3.4.3.2,0.009028151631355286
1.3.3.4.3.3,0.022425374016165733
1.3.3.4.3.4,0.006563731393096252
1.3.3.4.4.1,0.010235856681202467
1.3.3.4.4.2,0.004454214613868444
1.3.3.4.4.3,0.01153869807188
1.3.3.4.4.4,0.00607774696122347
1.3.4.1.1.1,0.009659484401345253
1.3.4.1.1.2,0.01891128160059452
1.3.4.1.1.3,0.017775652397956167
1.3.4.1.1.4,0.004804187785619154
1.3.4.1.2.1,0.009821239206939936
1.3.4.1.2.2,0.00478583958465606
1.3.4.1.2.3,0.00825635987954835
1.3.4.1.2.4,0.006501920099253766
1.3.4.1.3.1,0.016036951914429665
1.3.4.1.3.2,0.006591928149150176
1.3.4.1.3.3,0.030787133798003196
1.3.4.1.3.4,0.005932719392149011
1.3.4.1.4.1,0.004913895255109916
1.3.4.1.4.2,0.019797081127762794
1.3.4.1.4.3,0.007569572422653437
1.3.4.1.4.4,0.0058857167488895355
1.3.4.2.1.1,0.00459163315827027
1.3.4.2.1.2,0.00541064222343266
1.3.4.2.1.3,0.014387306602050861
1.3.4.2.1.4,0.007636156463909342
1.3.4.2.2.1,0.005819145364686847
1.3.4.2.2.2,0.011872042236583573
1.3.4.2.2.3,0.005667872494086623
1.3.4.2.2.4,0.005037523640427166
1.3.4.2.3.1,0.01778647784764568
1.3.4.2.3.2,0.008876757552990546
1.3.4.2.3.3,0.004162289046992858
1.3.4.2.3.4,0.005551213673739271
1.3.4.2.4.1,0.009234230034053326
1.3.4.2.4.2,0.010027736461219879
1.3.4.2.4.3,0.008722952155109782
1.3.4.2.4.4,0.006726952800998649
1.3.4.3.1.1,0.008845723699778318
1.3.4.3.1.2,0.011533335782587528
1.3.4.3.1.3,0.013058882323093712
1.3.4.3.1.4,0.005434364510270266
1.3.4.3.2.1,0.012497957499528473
1.3.4.3.2.2,0.005260465946048498
1.3.4.3.2.3,0.005095690954476595
1.3.4.3.2.4,0.007612910565166246
1.3.4.3.3.1,0.004474521537000935
1.3.4.3.3.2,0.014455507243318217
1.3.4.3.3.3,0.006961991486605257
1.3.4.3.3.4,0.012987521678963998
1.3.4.3.4.1,0.005343232623999938
1.3.4.3.4.2,0.00661159905471972
1.3.4.3.4.3,0.01952616050839424
1.3.4.3.4.4,0.0055636777363431
1.3.4.4.1.1,0.013677505842809166
1.3.4.4.1.2,0.007898900657892227
1.3.4.4.1.3,0.006177888627952108
1.3.4.4.1.4,0.004575458122417331
1.3.4.4.2.1,0.0037081595025180527
1.3.4.4.2.2,0.014926803298294544
1.3.4.4.2.3,0.0034189018725345913
1.3.4.4.2.4,0.01272664957214147
1.3.4.4.3.1,0.02617150917649269
1.3.4.4.3.2,0.005349237568831692
1.3.4.4.3.3,0.005741506814956665
1.3.4.4.3.4,0.005916119811445242
1.3.4.4.4.1,0.0132810530168089
1.3.4.4.4.2,0.01116022739248971
1.3.4.4.4.3,0.012149760499596596
1.3.4.4.4.4,0.010542284351033278
1.4.1.1.1.1,0.003969084543104355
1.4.1.1.1.2,0.016443427962561447
1.4.1.1.1.3,0.006050085183233023
1.4.1.1.1.4,0.01153003850399896
1.4.1.1.2.1,0.005905026104301214
1.4.1.1.2.2,0.002426727442070842
1.4.1.1.2.3,0.003099816618487239
1.4.1.1.2.4,0.007580227251164615
1.4.1.1.3.1,0.009889237618503662
1.4.1.1.3.2,0.008087913705302137
1.4.1.1.3.3,0.004020493585043228
1.4.1.1.3.4,0.011454781226348132
1.4.1.1.4.1,0.008094834895538432
1.4.1.1.4.2,0.008760329141902426
1.4.1.1.4.3,0.003356489585712552
1.4.1.1.4.4,0.007295400216781462
1.4.1.2.1.1,0.005894998052658943
1.4.1.2.1.2,0.0076738689094781876
1.4.1.2.1.3,0.009761573746800423
1.4.1.2.1.4,0.012357112624158617
1.4.1.2.2.1,0.0029590751510113478
1.4.1.2.2.2,0.006262874338202751
1.4.1.2.2.3,0.006517983507364988
1.4.1.2.2.4,0.0052385868388228115
1.4.1.2.3.1,0.005202636660005038
1.4.1.2.3.2,0.00786561705172062
1.4.1.2.3.3,0.011233341880142689
1.4.1.2.3.4,0.004939546160555134
1.4.1.2.4.1,0.0073652430437505245
1.4.1.2.4.2,0.0076212921518493786
1.4.1.2.4.3,0.005692596828642611
1.4.1.2.4.4,0.006806439469353511
1.4.1.3.1.1,0.0073709983844310045
1.4.1.3.1.2,0.008307527750730515
1.4.1.3.1.3,0.005902840290218592
1.4.1.3.1.4,0.004852633397267373
1.4.1.3.2.1,0.011538943275809288
1.4.1.3.2.2,0.0164895411580801
1.4.1.3.2.3,0.006320788990706205
1.4.1.3.2.4,0.01100553896349783
1.4.1.3.3.1,0.010341149754822254
1.4.1.3.3.2,0.006575634237378836
1.4.1.3.3.3,0.012423524439024428
1.4.1.3.3.4,0.004163182311458513
1.4.1.3.4.1,0.010231747225459133
1.4.1.3.4.2,0.01413269726825612
1.4.1.3.4.3,0.0032514145132154226
1.4.1.3.4.4,0.012009920144919306
1.4.1.4.1.1,0.00811205334806194
1.4.1.4.1.2,0.004656406585127115
1.4.1.4.1.3,0.008772473006198803
1.4.1.4.1.4,0.006089365356742885
1.4.1.4.2.1,0.004835958126932383
1.4.1.4.2.2,0.009317774325609207
1.4.1.4.2.3,0.005965166938646386
1.4.1.4.2.4,0.013797912746667862
1.4.1.4.3.1,0.004890554047261293
1.4.1.4.3.2,0.0067470169548566146
1.4.1.4.3.3,0.010895779977242151
1.4.1.4.3.4,0.007581796580925584
1.4.1.4.4.1,0.0043138941893210775
1.4.1.4.4.2,0.01417967164888978
1.4.1.4.4.3,0.008916929021085563
1.4.1.4.4.4,0.0028476782867478
1.4.2.1.1.1,0.003481767838820815
1.4.2.1.1.2,0.00827835127711296
1.4.2.1.1.3,0.007230637039081933
1.4.2.1.1.4,0.011327788732679827
1.4.2.1.2.1,0.016451779752969742
1.4.2.1.2.2,0.007436623331159353
1.4.2.1.2.3,0.01012420654296875
1.4.2.1.2.4,0.005029692160730649
1.4.2.1.3.1,0.009966074954718351
1.4.2.1.3.2,0.008201433811336756
1.4.2.1.3.3,0.012956276535987854
1.4.2.1.3.4,0.005251214296320624
1.4.2.1.4.1,0.005812809243798256
1.4.2.1.4.2,0.00423234427524641
1.4.2.1.4.3,0.002538356464356184
1.4.2.1.4.4,0.01029450070256224
1.4.2.2.1.1,0.010187049023807048
1.4.2.2.1.2,0.00922893825918436
1.4.2.2.1.3,0.007501386940324058
1.4.2.2.1.4,0.012566144542338757
1.4.2.2.2.1,0.014091872610151768
1.4.2.2.2.2,0.00761778187006712
1.4.2.2.2.3,0.006822757422924042
1.4.2.2.2.4,0.009298231153349792
1.4.2.2.3.1,0.0036882066633552313
1.4.2.2.3.2,0.008222945034503937
1.4.2.2.3.3,0.01011302727939827
1.4.2.2.3.4,0.007407130592543146
1.4.2.2.4.1,0.10684654116630554
1.4.2.2.4.2,0.005824885071398547
1.4.2.2.4.3,0.007978086359798908
1.4.2.2.4.4,0.003572674626151898
1.4.2.3.1.1,0.00877761687817318
1.4.2.3.1.2,0.007801824929909064
1.4.2.3.1.3,0.004631183110177517
1.4.2.3.1.4,0.0056159028084948655
1.4.2.3.2.1,0.007213221397250891
1.4.2.3.2.2,0.010275304317474365
1.4.2.3.2.3,0.007581724785268307
1.4.2.3.2.4,0.00445673568174243
1.4.2.3.3.1,0.010738137178122997
1.4.2.3.3.2,0.0116489352658391
1.4.2.3.3.3,0.0054554049759948
1.4.2.3.3.4,0.005325189904397121
1.4.2.3.4.1,0.010138235427439213
1.4.2.3.4.2,0.008148876018822193
1.4.2.3.4.3,0.01309170164167881
1.4.2.3.4.4,0.0038268100082253418
1.4.2.4.1.1,0.005126634147018194
1.4.2.4.1.2,0.021260781213641167
1.4.2.4.1.3,0.015233441333596906
1.4.2.4.1.4,0.005040211564240356
1.4.2.4.2.1,0.008952625628028597
1.4.2.4.2.2,0.0039895656608188385
1.4.2.4.2.3,0.00505214286609911
1.4.2.4.2.4,0.008054551363994297
1.4.2.4.3.1,0.007839732948923483
1.4.2.4.3.2,0.012473912723362447
1.4.2.4.3.3,0.005567163126901365
1.4.2.4.3.4,0.009363851422676817
1.4.2.4.4.1,0.00818460944685198
1.4.2.4.4.2,0.005945406071841717
1.4.2.4.4.3,0.009268149879062548
1.4.2.4.4.4,0.005209490669106967
1.4.3.1.1.1,0.008490540669299662
1.4.3.1.1.2,0.006123892730101943
1.4.3.1.1.3,0.00446830689907074
1.4.3.1.1.4,0.013567897424634014
1.4.3.1.2.1,0.006428733575516022
1.4.3.1.2.2,0.006210106424987316
1.4.3.1.2.3,0.017600002512335778
1.4.3.1.2.4,0.005519766826182604
1.4.3.1.3.1,0.006217030450128592
1.4.3.1.3.2,0.008545229211449623
1.4.3.1.3.3,0.008184004668146371
1.4.3.1.3.4,0.004223381510070924
1.4.3.1.4.1,0.007275646658275615
1.4.3.1.4.2,0.02321294331763167
1.4.3.1.4.3,0.006744627138569711
1.4.3.1.4.4,0.007713125686028174
1.4.3.2.1.1,0.004159846343100071
1.4.3.2.1.2,0.0024921391159296036
1.4.3.2.1.3,0.019279202135900658
1.4.3.2.1.4,0.009019111937959678
1.4.3.2.2.1,0.02326736692339182
1.4.3.2.2.2,0.009530521563387342
1.4.3.2.2.3,0.003449463751167059
1.4.3.2.2.4,0.009897780863361226
1.4.3.2.3.1,0.009772957675158978
1.4.3.2.3.2,0.006908148625313068
1.4.3.2.3.3,0.010704629899313053
1.4.3.2.3.4,0.04694754681549966
1.4.3.2.4.1,0.004205771059227677
1.4.3.2.4.2,0.013125068508088589
1.4.3.2.4.3,0.013048578519374132
1.4.3.2.4.4,0.008088496348430072
1.4.3.3.1.1,0.008011660932634886
1.4.3.3.1.2,0.009861581958830357
1.4.3.3.1.3,0.0135566808283329
1.4.3.3.1.4,0.006911332665297847
1.4.3.3.2.1,0.03154150769114494
1.4.3.3.2.2,0.017458851759632427
1.4.3.3.2.3,0.005618764821869822
1.4.3.3.2.4,0.005316550377756357
1.4.3.3.3.1,0.006113180425018072
1.4.3.3.3.2,0.0040278500722100334
1.4.3.3.3.3,0.023557485453784464
1.4.3.3.3.4,0.005875123324445807
1.4.3.3.4.1,0.005186764075635717
1.4.3.3.4.2,0.005423766901143468
1.4.3.3.4.3,0.013586512766778469
1.4.3.3.4.4,0.008826325552737607
1.4.3.4.1.1,0.008116851560771465
1.4.3.4.1.2,0.02192031964659691
1.4.3.4.1.3,0.0253752488642931
1.4.3.4.1.4,0.004983297079049338
1.4.3.4.2.1,0.008723751137343546
1.4.3.4.2.2,0.008807198982685805
1.4.3.4.2.3,0.007556692763630833
1.4.3.4.2.4,0.007682274930023898
1.4.3.4.3.1,0.008453135378658772
1.4.3.4.3.2,0.005012898598439419
1.4.3.4.3.3,0.007166670169681311
1.4.3.4.3.4,0.00934000431813977
1.4.3.4.4.1,0.010897907234417895
1.4.3.4.4.2,0.010960900457575917
1.4.3.4.4.3,0.019117078610828946
1.4.3.4.4.4,0.008920246890435616
1.4.4.1.1.1,0.012073677033185959
1.4.4.1.1.2,0.0068168367724865675
1.4.4.1.1.3,0.006578279193490744
1.4.4.1.1.4,0.006112427805506047
1.4.4.1.2.1,0.007159875705838203
1.4.4.1.2.2,0.004203781854206075
1.4.4.1.2.3,0.00425872784287024
1.4.4.1.2.4,0.009876627623937869
1.4.4.1.3.1,0.0213081743568182
1.4.4.1.3.2,0.005858180471337759
1.4.4.1.3.3,0.0034908618276508954
1.4.4.1.3.4,0.005728635562341066
1.4.4.1.4.1,0.0052666193805634975
1.4.4.1.4.2,0.015148763943995749
1.4.4.1.4.3,0.004403484964065931
1.4.4.1.4.4,0.0052125449329915065
1.4.4.2.1.1,0.0059333182871341705
1.4.4.2.1.2,0.0180586576461792
1.4.4.2.1.3,0.010972054675221443
1.4.4.2.1.4,0.01073544379323721
1.4.4.2.2.1,0.004113308386877179
1.4.4.2.2.2,0.00980648813614001
1.4.4.2.2.3,0.03415060043334961
1.4.4.2.2.4,0.01903722304850817
1.4.4.2.3.1,0.006817532515224929
1.4.4.2.3.2,0.00970019749365747
1.4.4.2.3.3,0.01623205840587616
1.4.4.2.3.4,0.006673136188720281
1.4.4.2.4.1,0.005582615751056717
1.4.4.2.4.2,0.006728413437182705
1.4.4.2.4.3,0.01612558929870526
1.4.4.2.4.4,0.011653902567120204
1.4.4.3.1.1,0.007703535569210847
1.4.4.3.1.2,0.005283130386557717
1.4.4.3.1.3,0.011538607491688295
1.4.4.3.1.4,0.011402650037780404
1.4.4.3.2.1,0.005993980021836857
1.4.4.3.2.2,0.006322065833956003
1.4.4.3.2.3,0.01307675801217556
1.4.4.3.2.4,0.008288772669498269
1.4.4.3.3.1,0.00746600089284281
1.4.4.3.3.2,0.01728505188865321
1.4.4.3.3.3,0.009996731100337846
1.4.4.3.3.4,0.012526086458054028
1.4.4.3.4.1,0.009442171081900597
1.4.4.3.4.2,0.01013023367462059
1.4.4.3.4.3,0.006060949992388487
1.4.4.3.4.4,0.006953629466739518
1.4.4.4.1.1,0.007889371210088333
1.4.4.4.1.2,0.0035670516081154346
1.4.4.4.1.3,0.019677891861647367
1.4.4.4.1.4,0.0100605639629066
1.4.4.4.2.1,0.009304045300398554
1.4.4.4.2.2,0.010019626701250672
1.4.4.4.2.3,0.005737814120948315
1.4.4.4.2.4,0.00906197209842503
1.4.4.4.3.1,0.008285250840708613
1.4.4.4.3.2,0.025081776703397434
1.4.4.4.3.3,0.009180129505693913
1.4.4.4.3.4,0.006307207986537833
1.4.4.4.4.1,0.005678175188797085
1.4.4.4.4.2,0.004086544092458028
1.4.4.4.4.3,0.005933918408118188
1.4.4.4.4.4,0.00850215768441558
